LICENSEE,DBA,LICENSE #,STREET ADDRESS,CITY,STATE,ZIP ,FullAdd
A&A INVESTMENTS LLC,ECLIPSE CANNABIS COMPANY,402R-00734,933 Alpine Avenue Suite 2,Boulder,CO,80304,933 Alpine Avenue Suite 2 Boulder CO 80304
ANAPORT ENTERPRISES LLC,GREEN CROSS OF LONGMONT,402R-00728,165 Primrose Court Unit B,Longmont,CO,80501,165 Primrose Court Unit B Longmont CO 80501
ANCIENT ALTERNATIVES LLC,GREEN TREE MEDICINALS,402R-00535,12626 North 107 Street,Longmont,CO,80504,12626 North 107 Street Longmont CO 80504
ANCIENT ALTERNATIVES LLC,GREEN TREE MEDICINALS,402R-00726,"455 Weaver Park Road, Suite 900",Longmont,CO,80501,"455 Weaver Park Road, Suite 900 Longmont CO 80501"
ARTEMIS STRATEGIES INC,TERRAPIN CARE STATION,402R-00175,1795 Folsom Street,Boulder,CO,80302,1795 Folsom Street Boulder CO 80302
BG3 INVESTMENTS LLC,DRIFT,402R-00586,"1750 30th Street, Unit 12",Boulder,CO,80301,"1750 30th Street, Unit 12 Boulder CO 80301"
BOULDER ALTERNATIVE CARE LLC,THE GREEN ROOM,402R-00188,"2750 Glenwood Drive, Suite 8",Boulder,CO,80304,"2750 Glenwood Drive, Suite 8 Boulder CO 80304"
BOULDER ALTERNATIVE CARE LLC,THE GREEN ROOM,402R-00719,1600 Hover Street #C-1,Longmont,CO,80501,1600 Hover Street #C-1 Longmont CO 80501
BOULDER RX LLC,NATIVE ROOTS BOULDER,402R-00173,1146 Pearl Street,Boulder,CO,80302,1146 Pearl Street Boulder CO 80302
BOULDER WELLNESS CENTER LLC,,402R-00415,"5420 Arapahoe Avenue, Unit E",Boulder,CO,80303,"5420 Arapahoe Avenue, Unit E Boulder CO 80303"
BROTHERS FOR LIFE LLC,STARBUDS,402R-00722,1600 Hover Street Unit B2,Longmont,CO,80501,1600 Hover Street Unit B2 Longmont CO 80501
BUSHES LLC,THE STATION,402R-00234,3005 28th Street,Boulder,CO,80301,3005 28th Street Boulder CO 80301
CHIMERA STRATEGIES,TERRAPIN CARE STATION,402R-00716,650 20th Avenue,Loogmont,CO,80501,650 20th Avenue Longmont CO 80501
CO & RO PARTNERS LLC,EUFLORA,402R-00707,250 South Main Street,Longmont,CO,80501,250 South Main Street Longmont CO 80501
COLORADO HEALING LLC,HEADQUARTERS CANNABIS CO,402R-00367,4497 Ute Highway,Longmont,CO,80503,4497 Ute Highway Longmont CO 80503
COLORADO KIND CARE LLC,VILLAGE GREEN SOCIETY,402R-00200,2043 16th Street,Boulder,CO,80302,2043 16th Street Boulder CO 80302
COMPASSIONATE PAIN MANAGEMENT LLC,AJOYA,402R-00203,"1100 West Dillon Road, Unit D-3",Louisville,CO,80027,"1100 West Dillon Road, Unit D-3 Louisville CO 80027"
CROSSROADS WELLNESS LLC,BOULDER BOTANICS,402R-00190,1750 30th Street Unit 7,Boulder,CO,80301,1750 30th Street Unit 7 Boulder CO 80301
ECO GREEN GROW LLC,VERDE NATURAL,402R-00662,302 Pearl Street,Boulder,CO,80302,302 Pearl Street Boulder CO 80302
FRESH BAKED LLC,FRESH BAKED,402R-00193,25390 Pearl Street,Boulder,CO,80302,2539 Pearl Street Boulder CO 80302
HEALTH SERVICES LLC,GREEN DREAM CANNABIS,402R-00553,"6700 Lookout Road, Suite #5",Boulder,CO,80301,"6700 Lookout Road, Suite #5 Boulder CO 80301"
HERBAL WELLNESS LLC,,402R-00731,1428 East Third Avenue,Longmont,CO,80501,1428 East Third Avenue Longmont CO 80501
JTR CAREGIVERS LLC,HELPING HANDS HERBALS,402R-00236,1021 Pearl Street Suite C,Boulder,CO,80302,1021 Pearl Street Suite C Boulder CO 80302
KARING KIND LLC,KARING KIND,402R-00176,5854 Rawhide Court,Boulder,CO,80302,5854 Rawhide Court Boulder CO 80302
LIGHTSHADE LABS LLC,LIGHTSHADE,402R-00727,1533 Main Street,Longmont,CO,80501,1533 Main Street Longmont CO 80501
LM MJC LLC,CLUB CANNA,402R-00708,7521 Ute Highway,Longmont,CO,80503,7521 Ute Highway Longmont CO 80503
LONGMONT P&P LLC,EUFLORA,402R-00720,230 South Main Street Suite B,Longmont,CO,80501,230 South Main Street Suite B Longmont CO 80501
LUW HOLDINGS LLC,THE HONEY CELLAR,402R-00199,"5290 Arapahoe Avenue, Suite J",Boulder,CO,80303,"5290 Arapahoe Avenue, Suite J Boulder CO 80303"
MAGNOLIA ROAD INC,MAGNOLIA ROAD CANNABIS CO,402R-00327,1750 30th Street Unit 84A,Boulder,CO,80301,1750 30th Street Unit 84A Boulder CO 80301
MEDICINE MAN LONGMONT LLC,MEDICINE MAN LONGMONT,402R-00724,500 East Rogers Road,Longmont,CO,80501,500 East Rogers Road Longmont CO 80501
MMJ AMERICA INC,BOULDER MMJ,402R-00338,1909 Broadway LL,Boulder,CO,80302,1909 Broadway LL Boulder CO 80302
OPTIONS MEDICAL CENTER LLC,ELEMENTS,402R-00198,1534 55th Street,Boulder,CO,80303,1534 55th Street Boulder CO 80303
OPTIONS MEDICAL CENTER WR LLC,OPTIONS,402R-00721,"455 Weaver Park Road, Unit 100",Longmont,CO,80501,"455 Weaver Park Road, Unit 100 Longmont CO 80501"
ORGANIC WELLNESS DISPENSARY LLC,GREEN TREE MEDICINALS,402R-00536,"5565 Arapahoe Avenue, Suite G",Boulder,CO,80308,"5565 Arapahoe Avenue, Suite G Boulder CO 80308"
RFSCPX LLC,ROOTSRX,402R-00723,12000 Rogers Road,Longmont,CO,80501,12000 Rogers Road Longmont CO 80501
RJJ LONGMONT LLC,NATIVE ROOTS LONGMONT,402R-00416,19 South Sunset Drive,Longmont,CO,80501,19 South Sunset Drive Longmont CO 80501
SKINNY PINEAPPLE INC,THE FARM,402R-00210,2801 Iris Avenue,Boulder,CO,80301,2801 Iris Avenue Boulder CO 80301
STARBUDS LOUISVILLE LLC,STARBUDS,402R-00214,"1156 West Dillon Road, Unit 3",Louisville,CO,80027,"1156 West Dillon Road, Unit 3 Louisville CO 80027"
SUSTAINABLE HEALTH LLC,14er HOLISTICS,402R-00208,"2897 Mapleton Avenue, Suite 800",Boulder,CO,80301,"2897 Mapleton Avenue, Suite 800 Boulder CO 80301"
THE GREEN SOLUTION LLC,,402R-00718,206 South Main Street,Longmont,CO,80501,206 South Main Street Longmont CO 80501
THE GROWING KITCHEN LLC,THE GROWING KITCHEN,402R-00532,8401 Baseline Road,Boulder,CO,80303,8401 Baseline Road Boulder CO 80303
TRILL THERAPEUTICS LLC,TRILL ALTERNATIVES,402R-00588,"1537 Pearl Street, Suite B",Boulder,CO,80302,"1537 Pearl Street, Suite B Boulder CO 80302"
YUMA WAY LLC,TWIN PEAKS DISPENSARY,402R-00730,900 South Hover Street Unit A,Longmont,CO,80501,900 South Hover Street Unit A Longmont CO 80501
