Transaction Number,Request Type,Department,Loan Author,Loan Title,Loan Publisher,Loan Place,Loan Date,Loan Edition, Journal Title, Journal Volume, Journal Issue, Journal Month, Journal Year, Journal Inclusive Pages, Article Author, Article Title,Cited In,Cited Title,Cited Date,Cited Volume,Cited Pages,Transaction Status,Transaction Date,ISSN
926181,Article,Business Administration,,,,,,,International Journal Of Sport Marketing,14,2,,2013,20-36,Jason P Doyle,Sports spectator segmentation: examining the differing psychological connections among spectators of leagues and tams,,,,,,Request Finished,8/3/2018,1464-6668
926467,Article,Envs,,,,,,,Petermanns Geographische Mitteilungen.,101,,,1957,184-193 (approximate),Wolfgang Pillewizer,Bewegungsstudien an Karakorumgletschern,,,,,,Request Finished,8/3/2018,0031-6229
927133,Article,Environmental Engineering,,,,,,,Proceedings Of The Water Environment Federation.,2017,9,1,2017,3108-3115,"Stec-Uddin, Edyta",Evaluation of Peracetic Acid as an Alternative to Chloramine for Effluent Disinfection at the Robert W. Hite Treatment Facility,info:sid/firstsearch.oclc.org:WorldCat,,,,,Request Finished,8/3/2018,1938-6478
924063,Article,Ceae,,,,,,,Desalination And Water Treatment,105,,February,2018,92-118,Hafiz Zahid Shafi,"Concentrate management technologies for desalination processes leading to zero liquid discharge: technologies, recent trends and future outlook",,,,,,Delivered to Web,8/2/2018,1944-3994
927103,Article,Physics,,,,,,,"
The Skin Of Egyptian Mummies. A Study In Survival.

Arch Dermatol
",97,6,June,1968,712-6,,Giacometti L;Chiarelli B,,,,,,Request Finished,8/2/2018,0003-987X
927320,Article,Integrative Physiology,,,,,,,Thorax,,,,2018,epub,"MIchael I Polkey, Nicolino Ambrosino",Inspiratory muscle training in COPD: can data finally beat emotion?,Pubmed,,,,,Request Finished,8/2/2018,1468-3296
927337,Article,Communication,,,,,,,Life,30,,43241,1951,35,,wetbacks swarm in,,,,,,Request Finished,8/2/2018,0024-3019 
927378,Article,History,,,,,,,Great Circle,7,1,6,1985,23-,"Jones, Stephanie","BRITISH INDIA STEAMERS AND TRADE OF THE PERSIAN GULF, 1862-1914.",36520,,,,,Request Finished,8/2/2018,0156-8698
927381,Article,School Of Education,,,,,,,Narrative Inquiry,22,1,,2012,173-180,"Esteban-Guitart, Moisès","Towards a multimethodological approach to identification of funds of identity, small stories and master narratives",google,,,,,Request Finished,8/2/2018,1387-6740
927249,Article,French And Italian,,,,,,,Esperienze Letterarie: Rivista Trimestrale Di Critica E Cultura.,24,4,Oct-Dec,1999,43176,"Kolsky, Stephen",Per la carriera poetica di Moderata Fonte: Alcuni documenti,MLA bibliography,,,,,Request Finished,8/1/2018,0392-3495
927263,Article,Mcdb,,,,,,,Canadian Journal Of Microbiology,,,5,2018,-,"Thakur, Vikas, Vijay Kumar, Sanjay Kumar, and Dharam Singh",Diverse culturable bacterial communities with cellulolytic potential revealed from pristine habitat in Indian trans-Himalaya,google,,,,,Request Finished,8/1/2018,0008-4166
927325,Article,Program For Writing And Rhetoric,,,,,,,Colorado Magazine,9,,January,1932,unknown,George Woodbury and Edna Woodbury,"The Archaeological Survey of Paradox Valley and Adjacent Country in Western Montrose County, Colorado, 1931",,,,,,Request Finished,8/1/2018,0010-1648
927336,Article,Communication,,,,,,,Nation,172,18,43225,1951,408,,"Wetbacks, Cotton, and Korea",,,,,,Request Finished,8/1/2018,0027-8378 
927367,Article,Classics,,,,,,,University Of Birmingham Historical Journal,5,1,,1955,43130,R. T. Rundle Clark,"""Some Hymns to the Nile""",,,,,,Request Finished,8/1/2018,0261-2984
927370,Article,Civil Engineering Ms,,,,,,,Journal Of Soil And Water Conservation,42,3,,1987,194-197,BM Crowder,Economic costs of reservoir sedimentation: A regional approach to estimating cropland erosion damage,,,,,,Request Finished,8/1/2018,0022-4561 
927389,Article,Cmci - Journalism Studies,,,,,,,Środkowoeuropejskie Studia Polityczne,,2,,2016,15-35,"Nĕmcová- Tejkalová, Alice",Czech journalists in the 21st century: who are they?,info:sid/summon.serialssolutions.com,,,,,Request Finished,8/1/2018,1731-7517
926983,Article,Gsll,,,,,,,Times Literary Supplement,,5924,14,2016,?,Heide Kunzelmann,Written in black ink: Kunzelmann reviews GESAMMELTE PROSA 1949-1996 by H. C. Artmann and edited by Klaus Reichert.,,,,,,Request Finished,7/30/2018,0307-661X
927088,Article,Engineering Physics,,,,,,,Journal Of The Korean Physical Society,67,,,2015,1957-1960,Lee,AFM detection of an Alzheimer marker: Different stages of amyloid beta peptide on a mica substrate,,,,,,Request Finished,7/30/2018,1976-8524
927185,Article,Computer Science,,,,,,,Chaplin,31,222,3,1989,136-137,"Werner, Gösta","Saga, sägen, film",firstsearch.oclc.org:WorldCat,,,,,Request Finished,7/30/2018,0045-6349
927189,Article,Integrative Physiology,,,,,,,Bmj Journals,100,7,,2015,615-622,"Karen Thorpe, Sally Staton, Emily Sawyer, Cassandra Pattinson, Catherine Haden, Simon Smith","Napping, development and health from 0 to 5 years: a systematic review",,,,,,Request Finished,7/30/2018,0003-9888
927196,Article,Iphy,,,,,,,Journal Of The American College Of Cardiology,71,22,June,2018,2555-2566,"Di Zhao, Eliseo Guallar, Pamela Ouyang, Vinita Subramanya, Dhananjay Vaidya, Chiadi E. Ndumele, Joao",Endogenous Sex Hormones and Incident Cardiovascular Disease in Post-Menopausal Women,,,,,,Request Finished,7/30/2018,0735-1097
927224,Article,Slhs,,,,,,,International Journal Of Language & Communication Disorders,24,1,1,1989,21-39,"German, Diane J.",A diagnostic model and a test to assess word-finding skills in children,info:sid/ProQ:psycinfo,,,,,Request Finished,7/30/2018,1368-2822
927247,Article,French And Italian,,,,,,,Nemla Italian Studies,25-26,,1,2001,45-,"Tebben, Maryann",A Transgressive 'Female' Space: Moderata Fonte's Il merito delle donne,info:sid/ProQ:mlaib,,,,,Request Finished,7/30/2018,1087-6715
927254,Article,Comm,,,,,,,Annals Of The International Communication Association,19,1,1,1996,353-383,"Chen, Guo-Ming",Intercultural Communication Competence: A Synthesis,tandf,,,,,Request Finished,7/30/2018,2380-8985
927301,Article,Gsll,,,,,,,Protokolle,1987,2,,1987,19-32,Karl Riha,Zum Prinzip der Rekonstruktion: Gerhard Rühm und die traditionellen Formen,,,,,,Request Finished,7/30/2018,0555-5027
927302,Article,Gsll,,,,,,,Protokolle,1987,2,,1987,43238,"Czernin, Franz Josef",Eine kleine Begriffsmusik. Reflexionen Gerhard Rühm zu Ehren,,,,,,Request Finished,7/30/2018,0555-5027
927303,Article,Gsll,,,,,,,Protokolle,1987,2,,1987,121-131,"Schmidt, Siegfried J.:",ktion Attitüde Concept Event Happening Partitur Performance oder: Gerhard Rühm bei den sieben Zwergen,,,,,,Request Finished,7/30/2018,0555-5027
927316,Article,Iphy,,,,,,,Collegium Antropologicum,39,3,9,2015,779-784,"Buljan, Krunoslav",Relationship between Age and Thickness of Carotid Arteries in a Population without Risk Factors for Atherosclerosis.,Entrez:PubMed,,,,,Request Finished,7/30/2018,0350-6134
927323,Article,Program For Writing And Rhetoric,,,,,,,Southwestern Lore,71,4,Winter,2005,17-34,Alan D. Reed,Settlement and Subsistence during the Formative Era in West-Central Colorado,,,,,,Request Finished,7/30/2018,0038-4844 
