"FIPS","Name of Area","Qualifying Name","State/U.S.-Abbreviation (USPS)","Summary Level","Geographic Component","File Identification","Logical Record Number","US","Region","Division","State (Census Code)","State (FIPS)","County","County Subdivision (FIPS)","Place (FIPS Code)","Place (State FIPS + Place FIPS)","Census Tract","Block Group","Consolidated City","American Indian Area/Alaska Native Area/Hawaiian Home Land (Census)","American Indian Area/Alaska Native Area/Hawaiian Home Land (FIPS)","American Indian Trust Land/Hawaiian Home Land Indicator","American Indian Tribal Subdivision (Census)","American Indian Tribal Subdivision (FIPS)","Alaska Native Regional Corporation (FIPS)","Metropolitan and Micropolitan Statistical Area","Combined Statistical Area","Metropolitan Division","Metropolitan Area Central City","Metropolitan/Micropolitan Indicator Flag","New England City and Town Combined Statistical Area","New England City and Town Area","New England City and Town Area Division","Urban Area","Urban Area Central Place","Current Congressional District ***","State Legislative District Upper","State Legislative District Lower","Voting District","ZIP Code Tabulation Area (3-digit)","ZIP Code Tabulation Area (5-digit)","Subbarrio (FIPS)","School District (Elementary)","School District (Secondary)","School District (Unified)","Urban/Rural","Principal City Indicator","Traffic Analysis Zone","Urban Growth Area","Public Use Microdata Area - 5% File","Public Use Microdata Area - 1% File","Geographic Identifier","Tribal Tract","Tribal Block Group","Area (Land)","Area (Water)","Households:","Households: Less than $10,000","Households: $10,000 to $14,999","Households: $15,000 to $19,999","Households: $20,000 to $24,999","Households: $25,000 to $29,999","Households: $30,000 to $34,999","Households: $35,000 to $39,999","Households: $40,000 to $44,999","Households: $45,000 to $49,999","Households: $50,000 to $59,999","Households: $60,000 to $74,999","Households: $75,000 to $99,999","Households: $100,000 to $124,999","Households: $125,000 to $149,999","Households: $150,000 to $199,999","Households: $200,000 or More"
Geo_FIPS,Geo_NAME,Geo_QName,Geo_STUSAB,Geo_SUMLEV,Geo_GEOCOMP,Geo_FILEID,Geo_LOGRECNO,Geo_US,Geo_REGION,Geo_DIVISION,Geo_STATECE,Geo_STATE,Geo_COUNTY,Geo_COUSUB,Geo_PLACE,Geo_PLACESE,Geo_TRACT,Geo_BLKGRP,Geo_CONCIT,Geo_AIANHH,Geo_AIANHHFP,Geo_AIHHTLI,Geo_AITSCE,Geo_AITS,Geo_ANRC,Geo_CBSA,Geo_CSA,Geo_METDIV,Geo_MACC,Geo_MEMI,Geo_NECTA,Geo_CNECTA,Geo_NECTADIV,Geo_UA,Geo_UACP,Geo_CDCURR,Geo_SLDU,Geo_SLDL,Geo_VTD,Geo_ZCTA3,Geo_ZCTA5,Geo_SUBMCD,Geo_SDELM,Geo_SDSEC,Geo_SDUNI,Geo_UR,Geo_PCI,Geo_TAZ,Geo_UGA,Geo_PUMA5,Geo_PUMA1,Geo_GEOID,Geo_BTTR,Geo_BTBG,Geo_AREALAND,Geo_AREAWATR,SE_A14001_001,SE_A14001_002,SE_A14001_003,SE_A14001_004,SE_A14001_005,SE_A14001_006,SE_A14001_007,SE_A14001_008,SE_A14001_009,SE_A14001_010,SE_A14001_011,SE_A14001_012,SE_A14001_013,SE_A14001_014,SE_A14001_015,SE_A14001_016,SE_A14001_017
"08059009806","Census Tract 98.06","Census Tract 98.06, Jefferson County, Colorado","co","140","00","ACSSF","0001834",,,,,"08","059",,,,"009806",,,,,,,,,,,,,,,,,,,,,,,,,,,,,,,,,,,"14000US08059009806",,,"5805550","1243478",1573,34,17,20,8,10,39,71,43,50,82,190,213,187,148,222,239
"08059009807","Census Tract 98.07","Census Tract 98.07, Jefferson County, Colorado","co","140","00","ACSSF","0001835",,,,,"08","059",,,,"009807",,,,,,,,,,,,,,,,,,,,,,,,,,,,,,,,,,,"14000US08059009807",,,"1745689","9863",826,57,11,75,43,63,28,16,18,17,50,66,92,84,33,109,64
"08059009808","Census Tract 98.08","Census Tract 98.08, Jefferson County, Colorado","co","140","00","ACSSF","0001836",,,,,"08","059",,,,"009808",,,,,,,,,,,,,,,,,,,,,,,,,,,,,,,,,,,"14000US08059009808",,,"269112094","1296723",2584,156,34,132,68,51,40,44,114,83,162,133,270,247,273,445,332
"08059009815","Census Tract 98.15","Census Tract 98.15, Jefferson County, Colorado","co","140","00","ACSSF","0001837",,,,,"08","059",,,,"009815",,,,,,,,,,,,,,,,,,,,,,,,,,,,,,,,,,,"14000US08059009815",,,"5469395","21447",1897,11,22,17,68,8,54,37,21,15,153,138,252,228,198,332,343
"08059009823","Census Tract 98.23","Census Tract 98.23, Jefferson County, Colorado","co","140","00","ACSSF","0001838",,,,,"08","059",,,,"009823",,,,,,,,,,,,,,,,,,,,,,,,,,,,,,,,,,,"14000US08059009823",,,"1794969","0",1748,31,5,57,13,26,29,77,71,40,74,132,388,350,211,145,99
"08059009824","Census Tract 98.24","Census Tract 98.24, Jefferson County, Colorado","co","140","00","ACSSF","0001839",,,,,"08","059",,,,"009824",,,,,,,,,,,,,,,,,,,,,,,,,,,,,,,,,,,"14000US08059009824",,,"2597277","93009",1780,43,36,19,36,28,42,8,70,74,144,308,261,226,170,228,87
"08059009827","Census Tract 98.27","Census Tract 98.27, Jefferson County, Colorado","co","140","00","ACSSF","0001840",,,,,"08","059",,,,"009827",,,,,,,,,,,,,,,,,,,,,,,,,,,,,,,,,,,"14000US08059009827",,,"4388789","158877",2452,69,42,70,88,35,74,209,92,119,138,302,317,164,293,191,249
"08059009828","Census Tract 98.28","Census Tract 98.28, Jefferson County, Colorado","co","140","00","ACSSF","0001841",,,,,"08","059",,,,"009828",,,,,,,,,,,,,,,,,,,,,,,,,,,,,,,,,,,"14000US08059009828",,,"4142449","27084",2191,102,78,42,50,35,93,29,76,148,152,200,284,232,293,217,160
"08059009829","Census Tract 98.29","Census Tract 98.29, Jefferson County, Colorado","co","140","00","ACSSF","0001842",,,,,"08","059",,,,"009829",,,,,,,,,,,,,,,,,,,,,,,,,,,,,,,,,,,"14000US08059009829",,,"3327645","5024057",705,18,0,5,0,14,7,0,21,14,12,89,134,99,94,126,72
"08059009830","Census Tract 98.30","Census Tract 98.30, Jefferson County, Colorado","co","140","00","ACSSF","0001843",,,,,"08","059",,,,"009830",,,,,,,,,,,,,,,,,,,,,,,,,,,,,,,,,,,"14000US08059009830",,,"883841","1425",1031,55,25,34,9,37,33,37,84,65,120,101,84,164,102,41,40
"08059009831","Census Tract 98.31","Census Tract 98.31, Jefferson County, Colorado","co","140","00","ACSSF","0001844",,,,,"08","059",,,,"009831",,,,,,,,,,,,,,,,,,,,,,,,,,,,,,,,,,,"14000US08059009831",,,"1845125","3625",1273,48,8,10,51,21,46,44,89,86,103,237,253,181,22,74,0
"08059009832","Census Tract 98.32","Census Tract 98.32, Jefferson County, Colorado","co","140","00","ACSSF","0001845",,,,,"08","059",,,,"009832",,,,,,,,,,,,,,,,,,,,,,,,,,,,,,,,,,,"14000US08059009832",,,"1332726","0",967,6,17,27,10,16,59,41,34,33,66,170,145,175,90,62,16
"08059009833","Census Tract 98.33","Census Tract 98.33, Jefferson County, Colorado","co","140","00","ACSSF","0001846",,,,,"08","059",,,,"009833",,,,,,,,,,,,,,,,,,,,,,,,,,,,,,,,,,,"14000US08059009833",,,"2536468","183944",2476,66,79,61,203,95,115,0,152,24,303,194,347,266,256,239,76
"08059009834","Census Tract 98.34","Census Tract 98.34, Jefferson County, Colorado","co","140","00","ACSSF","0001847",,,,,"08","059",,,,"009834",,,,,,,,,,,,,,,,,,,,,,,,,,,,,,,,,,,"14000US08059009834",,,"1842285","0",2047,33,44,19,114,60,132,71,128,159,182,297,326,232,127,73,50
"08059009835","Census Tract 98.35","Census Tract 98.35, Jefferson County, Colorado","co","140","00","ACSSF","0001848",,,,,"08","059",,,,"009835",,,,,,,,,,,,,,,,,,,,,,,,,,,,,,,,,,,"14000US08059009835",,,"1856133","192531",1443,17,43,9,11,11,51,11,25,43,114,192,155,185,178,218,180
"08059009836","Census Tract 98.36","Census Tract 98.36, Jefferson County, Colorado","co","140","00","ACSSF","0001849",,,,,"08","059",,,,"009836",,,,,,,,,,,,,,,,,,,,,,,,,,,,,,,,,,,"14000US08059009836",,,"6176084","38563",1512,10,17,9,8,16,28,48,64,55,116,146,98,239,139,274,245
"08059009837","Census Tract 98.37","Census Tract 98.37, Jefferson County, Colorado","co","140","00","ACSSF","0001850",,,,,"08","059",,,,"009837",,,,,,,,,,,,,,,,,,,,,,,,,,,,,,,,,,,"14000US08059009837",,,"21898120","1279056",1589,0,7,72,0,0,11,7,51,53,64,99,142,216,147,284,436
"08059009838","Census Tract 98.38","Census Tract 98.38, Jefferson County, Colorado","co","140","00","ACSSF","0001851",,,,,"08","059",,,,"009838",,,,,,,,,,,,,,,,,,,,,,,,,,,,,,,,,,,"14000US08059009838",,,"4376190","6224",1963,0,0,0,11,56,16,34,23,8,106,113,200,259,293,293,551
"08059009839","Census Tract 98.39","Census Tract 98.39, Jefferson County, Colorado","co","140","00","ACSSF","0001852",,,,,"08","059",,,,"009839",,,,,,,,,,,,,,,,,,,,,,,,,,,,,,,,,,,"14000US08059009839",,,"1824598","0",853,23,0,6,5,0,18,0,10,35,82,69,134,112,153,133,73
"08059009840","Census Tract 98.40","Census Tract 98.40, Jefferson County, Colorado","co","140","00","ACSSF","0001853",,,,,"08","059",,,,"009840",,,,,,,,,,,,,,,,,,,,,,,,,,,,,,,,,,,"14000US08059009840",,,"1914744","7384",1587,82,38,9,46,96,38,34,46,94,129,182,291,250,73,73,106
"08059009841","Census Tract 98.41","Census Tract 98.41, Jefferson County, Colorado","co","140","00","ACSSF","0001854",,,,,"08","059",,,,"009841",,,,,,,,,,,,,,,,,,,,,,,,,,,,,,,,,,,"14000US08059009841",,,"1288569","0",905,6,31,17,38,13,30,0,26,33,72,95,99,111,144,136,54
"08059009842","Census Tract 98.42","Census Tract 98.42, Jefferson County, Colorado","co","140","00","ACSSF","0001855",,,,,"08","059",,,,"009842",,,,,,,,,,,,,,,,,,,,,,,,,,,,,,,,,,,"14000US08059009842",,,"6544556","216971",1405,44,19,9,73,29,21,19,8,63,53,104,169,81,157,152,404
"08059009843","Census Tract 98.43","Census Tract 98.43, Jefferson County, Colorado","co","140","00","ACSSF","0001856",,,,,"08","059",,,,"009843",,,,,,,,,,,,,,,,,,,,,,,,,,,,,,,,,,,"14000US08059009843",,,"18634822","100892",3242,115,130,50,62,75,51,76,59,57,218,336,277,327,282,436,691
"08059009845","Census Tract 98.45","Census Tract 98.45, Jefferson County, Colorado","co","140","00","ACSSF","0001857",,,,,"08","059",,,,"009845",,,,,,,,,,,,,,,,,,,,,,,,,,,,,,,,,,,"14000US08059009845",,,"43255263","20342",1759,53,0,10,25,16,11,9,43,39,97,111,133,118,147,309,638
"08059009846","Census Tract 98.46","Census Tract 98.46, Jefferson County, Colorado","co","140","00","ACSSF","0001858",,,,,"08","059",,,,"009846",,,,,,,,,,,,,,,,,,,,,,,,,,,,,,,,,,,"14000US08059009846",,,"27533510","36793",1911,83,47,9,37,17,41,56,26,45,128,85,169,217,206,180,565
"08059009847","Census Tract 98.47","Census Tract 98.47, Jefferson County, Colorado","co","140","00","ACSSF","0001859",,,,,"08","059",,,,"009847",,,,,,,,,,,,,,,,,,,,,,,,,,,,,,,,,,,"14000US08059009847",,,"5018803","33214",1278,53,26,35,32,27,42,17,13,29,97,118,77,140,147,193,232
"08059009848","Census Tract 98.48","Census Tract 98.48, Jefferson County, Colorado","co","140","00","ACSSF","0001860",,,,,"08","059",,,,"009848",,,,,,,,,,,,,,,,,,,,,,,,,,,,,,,,,,,"14000US08059009848",,,"34313887","29957",939,29,46,19,34,18,8,0,53,28,61,63,34,79,111,107,249
"08059009849","Census Tract 98.49","Census Tract 98.49, Jefferson County, Colorado","co","140","00","ACSSF","0001861",,,,,"08","059",,,,"009849",,,,,,,,,,,,,,,,,,,,,,,,,,,,,,,,,,,"14000US08059009849",,,"10525476","37762",2309,270,55,50,42,92,104,100,61,110,182,266,245,190,216,129,197
"08059009850","Census Tract 98.50","Census Tract 98.50, Jefferson County, Colorado","co","140","00","ACSSF","0001862",,,,,"08","059",,,,"009850",,,,,,,,,,,,,,,,,,,,,,,,,,,,,,,,,,,"14000US08059009850",,,"54723765","178294",1028,54,12,0,9,28,11,10,9,16,30,38,100,167,73,142,329
"08059009851","Census Tract 98.51","Census Tract 98.51, Jefferson County, Colorado","co","140","00","ACSSF","0001863",,,,,"08","059",,,,"009851",,,,,,,,,,,,,,,,,,,,,,,,,,,,,,,,,,,"14000US08059009851",,,"3530044","447860",1472,15,15,26,8,8,33,9,36,16,109,190,196,157,187,253,214
"08059009852","Census Tract 98.52","Census Tract 98.52, Jefferson County, Colorado","co","140","00","ACSSF","0001864",,,,,"08","059",,,,"009852",,,,,,,,,,,,,,,,,,,,,,,,,,,,,,,,,,,"14000US08059009852",,,"9411047","163690",1431,26,23,30,32,38,24,30,67,73,74,105,310,127,162,164,146
"08059009900","Census Tract 99","Census Tract 99, Jefferson County, Colorado","co","140","00","ACSSF","0001865",,,,,"08","059",,,,"009900",,,,,,,,,,,,,,,,,,,,,,,,,,,,,,,,,,,"14000US08059009900",,,"8572798","50904",1009,100,31,45,23,8,67,14,67,36,72,102,73,73,90,148,60
"08059010000","Census Tract 100","Census Tract 100, Jefferson County, Colorado","co","140","00","ACSSF","0001866",,,,,"08","059",,,,"010000",,,,,,,,,,,,,,,,,,,,,,,,,,,,,,,,,,,"14000US08059010000",,,"4928603","20413",1293,93,52,48,63,107,73,49,142,52,80,76,101,61,98,76,122
"08059010100","Census Tract 101","Census Tract 101, Jefferson County, Colorado","co","140","00","ACSSF","0001867",,,,,"08","059",,,,"010100",,,,,,,,,,,,,,,,,,,,,,,,,,,,,,,,,,,"14000US08059010100",,,"7016752","3054",2037,207,52,99,31,16,66,29,131,111,91,135,392,213,118,276,70
"08059010205","Census Tract 102.05","Census Tract 102.05, Jefferson County, Colorado","co","140","00","ACSSF","0001868",,,,,"08","059",,,,"010205",,,,,,,,,,,,,,,,,,,,,,,,,,,,,,,,,,,"14000US08059010205",,,"2208317","0",972,35,18,25,32,25,27,33,6,21,50,96,113,151,104,107,129
"08059010206","Census Tract 102.06","Census Tract 102.06, Jefferson County, Colorado","co","140","00","ACSSF","0001869",,,,,"08","059",,,,"010206",,,,,,,,,,,,,,,,,,,,,,,,,,,,,,,,,,,"14000US08059010206",,,"3225929","44861",1645,27,15,44,48,52,40,47,34,48,201,178,271,278,92,177,93
"08059010208","Census Tract 102.08","Census Tract 102.08, Jefferson County, Colorado","co","140","00","ACSSF","0001870",,,,,"08","059",,,,"010208",,,,,,,,,,,,,,,,,,,,,,,,,,,,,,,,,,,"14000US08059010208",,,"2987062","251",2218,52,67,79,99,37,55,32,52,69,234,233,515,300,148,164,82
"08059010209","Census Tract 102.09","Census Tract 102.09, Jefferson County, Colorado","co","140","00","ACSSF","0001871",,,,,"08","059",,,,"010209",,,,,,,,,,,,,,,,,,,,,,,,,,,,,,,,,,,"14000US08059010209",,,"2554581","7575",2594,14,155,106,63,27,117,44,211,171,235,464,388,209,193,130,67
"08059010210","Census Tract 102.10","Census Tract 102.10, Jefferson County, Colorado","co","140","00","ACSSF","0001872",,,,,"08","059",,,,"010210",,,,,,,,,,,,,,,,,,,,,,,,,,,,,,,,,,,"14000US08059010210",,,"2799144","39218",1512,13,4,16,56,49,24,47,96,68,95,186,155,196,197,135,175
"08059010211","Census Tract 102.11","Census Tract 102.11, Jefferson County, Colorado","co","140","00","ACSSF","0001873",,,,,"08","059",,,,"010211",,,,,,,,,,,,,,,,,,,,,,,,,,,,,,,,,,,"14000US08059010211",,,"1786517","2378",1396,54,111,88,66,56,39,35,81,27,98,150,178,139,108,77,89
"08059010212","Census Tract 102.12","Census Tract 102.12, Jefferson County, Colorado","co","140","00","ACSSF","0001874",,,,,"08","059",,,,"010212",,,,,,,,,,,,,,,,,,,,,,,,,,,,,,,,,,,"14000US08059010212",,,"2274165","1071",1670,45,14,18,115,92,84,91,42,88,182,157,331,189,39,133,50
"08059010213","Census Tract 102.13","Census Tract 102.13, Jefferson County, Colorado","co","140","00","ACSSF","0001875",,,,,"08","059",,,,"010213",,,,,,,,,,,,,,,,,,,,,,,,,,,,,,,,,,,"14000US08059010213",,,"2756976","17362",1861,67,126,57,53,109,89,116,108,131,82,151,214,226,188,111,33
"08059010303","Census Tract 103.03","Census Tract 103.03, Jefferson County, Colorado","co","140","00","ACSSF","0001876",,,,,"08","059",,,,"010303",,,,,,,,,,,,,,,,,,,,,,,,,,,,,,,,,,,"14000US08059010303",,,"3057935","6262",2208,49,28,46,15,47,186,69,66,135,122,214,394,267,149,203,218
"08059010304","Census Tract 103.04","Census Tract 103.04, Jefferson County, Colorado","co","140","00","ACSSF","0001877",,,,,"08","059",,,,"010304",,,,,,,,,,,,,,,,,,,,,,,,,,,,,,,,,,,"14000US08059010304",,,"1350335","0",1127,16,37,25,35,40,40,53,27,60,115,108,176,157,116,116,6
"08059010305","Census Tract 103.05","Census Tract 103.05, Jefferson County, Colorado","co","140","00","ACSSF","0001878",,,,,"08","059",,,,"010305",,,,,,,,,,,,,,,,,,,,,,,,,,,,,,,,,,,"14000US08059010305",,,"1661539","0",1669,160,58,58,53,72,27,100,27,66,195,209,226,202,69,100,47
"08059010306","Census Tract 103.06","Census Tract 103.06, Jefferson County, Colorado","co","140","00","ACSSF","0001879",,,,,"08","059",,,,"010306",,,,,,,,,,,,,,,,,,,,,,,,,,,,,,,,,,,"14000US08059010306",,,"1483788","0",1132,27,0,35,52,64,7,27,22,132,147,92,270,92,81,66,18
"08059010307","Census Tract 103.07","Census Tract 103.07, Jefferson County, Colorado","co","140","00","ACSSF","0001880",,,,,"08","059",,,,"010307",,,,,,,,,,,,,,,,,,,,,,,,,,,,,,,,,,,"14000US08059010307",,,"1489233","0",2138,131,98,103,14,283,110,88,89,145,99,184,233,249,143,68,101
"08059010308","Census Tract 103.08","Census Tract 103.08, Jefferson County, Colorado","co","140","00","ACSSF","0001881",,,,,"08","059",,,,"010308",,,,,,,,,,,,,,,,,,,,,,,,,,,,,,,,,,,"14000US08059010308",,,"4889886","18359",2489,177,17,48,80,49,81,60,97,15,202,287,299,445,265,309,58
"08059010402","Census Tract 104.02","Census Tract 104.02, Jefferson County, Colorado","co","140","00","ACSSF","0001882",,,,,"08","059",,,,"010402",,,,,,,,,,,,,,,,,,,,,,,,,,,,,,,,,,,"14000US08059010402",,,"4026526","149839",2534,170,170,60,173,78,225,175,120,185,199,308,431,111,33,71,25
"08059010403","Census Tract 104.03","Census Tract 104.03, Jefferson County, Colorado","co","140","00","ACSSF","0001883",,,,,"08","059",,,,"010403",,,,,,,,,,,,,,,,,,,,,,,,,,,,,,,,,,,"14000US08059010403",,,"4083212","143983",2524,157,155,125,63,59,110,84,230,193,346,342,486,103,11,30,30
"08059010405","Census Tract 104.05","Census Tract 104.05, Jefferson County, Colorado","co","140","00","ACSSF","0001884",,,,,"08","059",,,,"010405",,,,,,,,,,,,,,,,,,,,,,,,,,,,,,,,,,,"14000US08059010405",,,"1609568","28397",1586,176,33,122,107,149,80,67,120,115,124,97,167,116,38,53,22
"08059010406","Census Tract 104.06","Census Tract 104.06, Jefferson County, Colorado","co","140","00","ACSSF","0001885",,,,,"08","059",,,,"010406",,,,,,,,,,,,,,,,,,,,,,,,,,,,,,,,,,,"14000US08059010406",,,"2790285","24471",1081,65,57,63,81,60,77,167,63,47,90,51,101,92,33,3,31
"08059010502","Census Tract 105.02","Census Tract 105.02, Jefferson County, Colorado","co","140","00","ACSSF","0001886",,,,,"08","059",,,,"010502",,,,,,,,,,,,,,,,,,,,,,,,,,,,,,,,,,,"14000US08059010502",,,"5946427","295053",2268,169,23,78,65,151,121,106,91,74,242,129,346,178,185,121,189
"08059010503","Census Tract 105.03","Census Tract 105.03, Jefferson County, Colorado","co","140","00","ACSSF","0001887",,,,,"08","059",,,,"010503",,,,,,,,,,,,,,,,,,,,,,,,,,,,,,,,,,,"14000US08059010503",,,"3964478","111273",1987,90,112,64,78,56,147,118,154,138,124,101,246,134,68,163,194
"08059010504","Census Tract 105.04","Census Tract 105.04, Jefferson County, Colorado","co","140","00","ACSSF","0001888",,,,,"08","059",,,,"010504",,,,,,,,,,,,,,,,,,,,,,,,,,,,,,,,,,,"14000US08059010504",,,"2313046","5084",1230,38,30,49,32,7,27,15,10,31,56,70,161,111,131,252,210
"08059010603","Census Tract 106.03","Census Tract 106.03, Jefferson County, Colorado","co","140","00","ACSSF","0001889",,,,,"08","059",,,,"010603",,,,,,,,,,,,,,,,,,,,,,,,,,,,,,,,,,,"14000US08059010603",,,"1943852","0",1746,111,27,77,120,61,107,69,88,107,64,199,229,161,149,114,63
"08059010604","Census Tract 106.04","Census Tract 106.04, Jefferson County, Colorado","co","140","00","ACSSF","0001890",,,,,"08","059",,,,"010604",,,,,,,,,,,,,,,,,,,,,,,,,,,,,,,,,,,"14000US08059010604",,,"1875447","157267",1064,50,49,20,31,18,85,52,73,53,123,188,128,90,45,29,30
"08059010701","Census Tract 107.01","Census Tract 107.01, Jefferson County, Colorado","co","140","00","ACSSF","0001891",,,,,"08","059",,,,"010701",,,,,,,,,,,,,,,,,,,,,,,,,,,,,,,,,,,"14000US08059010701",,,"2208472","0",2056,86,127,212,104,78,72,61,49,101,179,183,309,126,121,137,111
"08059010702","Census Tract 107.02","Census Tract 107.02, Jefferson County, Colorado","co","140","00","ACSSF","0001892",,,,,"08","059",,,,"010702",,,,,,,,,,,,,,,,,,,,,,,,,,,,,,,,,,,"14000US08059010702",,,"1670040","26688",2433,33,172,113,108,67,117,112,244,77,215,230,407,111,110,248,69
"08059010801","Census Tract 108.01","Census Tract 108.01, Jefferson County, Colorado","co","140","00","ACSSF","0001893",,,,,"08","059",,,,"010801",,,,,,,,,,,,,,,,,,,,,,,,,,,,,,,,,,,"14000US08059010801",,,"2081809","246868",1111,60,29,39,0,35,38,28,20,7,27,129,129,167,106,176,121
"08059010901","Census Tract 109.01","Census Tract 109.01, Jefferson County, Colorado","co","140","00","ACSSF","0001894",,,,,"08","059",,,,"010901",,,,,,,,,,,,,,,,,,,,,,,,,,,,,,,,,,,"14000US08059010901",,,"4540543","1361",2085,62,114,70,137,61,45,33,28,113,145,290,220,203,91,317,156
"08059010902","Census Tract 109.02","Census Tract 109.02, Jefferson County, Colorado","co","140","00","ACSSF","0001895",,,,,"08","059",,,,"010902",,,,,,,,,,,,,,,,,,,,,,,,,,,,,,,,,,,"14000US08059010902",,,"2672644","3031",1107,23,30,75,84,28,141,85,81,51,156,89,118,44,58,20,24
"08059011000","Census Tract 110","Census Tract 110, Jefferson County, Colorado","co","140","00","ACSSF","0001896",,,,,"08","059",,,,"011000",,,,,,,,,,,,,,,,,,,,,,,,,,,,,,,,,,,"14000US08059011000",,,"3884010","0",2499,147,81,142,106,151,72,158,176,80,94,487,210,145,174,139,137
"08059011100","Census Tract 111","Census Tract 111, Jefferson County, Colorado","co","140","00","ACSSF","0001897",,,,,"08","059",,,,"011100",,,,,,,,,,,,,,,,,,,,,,,,,,,,,,,,,,,"14000US08059011100",,,"3986047","1607",2801,215,226,32,286,126,126,186,138,75,287,249,180,175,230,84,186
"08059011202","Census Tract 112.02","Census Tract 112.02, Jefferson County, Colorado","co","140","00","ACSSF","0001898",,,,,"08","059",,,,"011202",,,,,,,,,,,,,,,,,,,,,,,,,,,,,,,,,,,"14000US08059011202",,,"3873233","13007",1724,39,50,32,44,75,41,58,81,42,159,234,352,168,99,150,100
"08059011300","Census Tract 113","Census Tract 113, Jefferson County, Colorado","co","140","00","ACSSF","0001899",,,,,"08","059",,,,"011300",,,,,,,,,,,,,,,,,,,,,,,,,,,,,,,,,,,"14000US08059011300",,,"1284653","0",1439,186,108,64,48,90,36,67,78,77,88,77,200,82,161,36,41
"08059011401","Census Tract 114.01","Census Tract 114.01, Jefferson County, Colorado","co","140","00","ACSSF","0001900",,,,,"08","059",,,,"011401",,,,,,,,,,,,,,,,,,,,,,,,,,,,,,,,,,,"14000US08059011401",,,"889997","0",1116,105,49,44,116,69,104,70,32,96,62,103,111,77,20,34,24
"08059011402","Census Tract 114.02","Census Tract 114.02, Jefferson County, Colorado","co","140","00","ACSSF","0001901",,,,,"08","059",,,,"011402",,,,,,,,,,,,,,,,,,,,,,,,,,,,,,,,,,,"14000US08059011402",,,"1692419","0",1990,168,142,170,78,160,121,117,82,125,271,133,200,100,44,51,28
"08059011550","Census Tract 115.50","Census Tract 115.50, Jefferson County, Colorado","co","140","00","ACSSF","0001902",,,,,"08","059",,,,"011550",,,,,,,,,,,,,,,,,,,,,,,,,,,,,,,,,,,"14000US08059011550",,,"3922773","14034",2914,238,318,165,163,259,173,271,100,97,243,358,213,80,104,70,62
"08059011601","Census Tract 116.01","Census Tract 116.01, Jefferson County, Colorado","co","140","00","ACSSF","0001903",,,,,"08","059",,,,"011601",,,,,,,,,,,,,,,,,,,,,,,,,,,,,,,,,,,"14000US08059011601",,,"1889958","5499",1363,65,36,114,48,53,95,73,86,36,117,124,263,124,39,80,10
"08059011602","Census Tract 116.02","Census Tract 116.02, Jefferson County, Colorado","co","140","00","ACSSF","0001904",,,,,"08","059",,,,"011602",,,,,,,,,,,,,,,,,,,,,,,,,,,,,,,,,,,"14000US08059011602",,,"1984652","0",1599,109,36,117,64,98,65,100,74,82,143,150,107,238,102,93,21
"08059011701","Census Tract 117.01","Census Tract 117.01, Jefferson County, Colorado","co","140","00","ACSSF","0001905",,,,,"08","059",,,,"011701",,,,,,,,,,,,,,,,,,,,,,,,,,,,,,,,,,,"14000US08059011701",,,"3858316","76726",1984,66,0,118,62,47,63,88,54,106,153,225,364,226,199,121,92
"08059011702","Census Tract 117.02","Census Tract 117.02, Jefferson County, Colorado","co","140","00","ACSSF","0001906",,,,,"08","059",,,,"011702",,,,,,,,,,,,,,,,,,,,,,,,,,,,,,,,,,,"14000US08059011702",,,"2566570","10206",2300,83,42,53,89,20,58,130,108,80,160,255,273,417,156,152,224
"08059011708","Census Tract 117.08","Census Tract 117.08, Jefferson County, Colorado","co","140","00","ACSSF","0001907",,,,,"08","059",,,,"011708",,,,,,,,,,,,,,,,,,,,,,,,,,,,,,,,,,,"14000US08059011708",,,"2507799","0",1638,60,0,78,39,44,37,44,45,94,182,161,237,241,146,170,60
"08059011709","Census Tract 117.09","Census Tract 117.09, Jefferson County, Colorado","co","140","00","ACSSF","0001908",,,,,"08","059",,,,"011709",,,,,,,,,,,,,,,,,,,,,,,,,,,,,,,,,,,"14000US08059011709",,,"1776073","173084",1584,27,18,59,61,65,86,181,50,107,178,214,157,144,103,81,53
"08059011710","Census Tract 117.10","Census Tract 117.10, Jefferson County, Colorado","co","140","00","ACSSF","0001909",,,,,"08","059",,,,"011710",,,,,,,,,,,,,,,,,,,,,,,,,,,,,,,,,,,"14000US08059011710",,,"1933465","391216",1822,88,46,93,81,38,151,38,104,63,92,296,295,236,113,26,62
"08059011711","Census Tract 117.11","Census Tract 117.11, Jefferson County, Colorado","co","140","00","ACSSF","0001910",,,,,"08","059",,,,"011711",,,,,,,,,,,,,,,,,,,,,,,,,,,,,,,,,,,"14000US08059011711",,,"2169930","0",1846,75,35,65,95,56,149,67,72,156,44,213,350,180,103,85,101
"08059011712","Census Tract 117.12","Census Tract 117.12, Jefferson County, Colorado","co","140","00","ACSSF","0001911",,,,,"08","059",,,,"011712",,,,,,,,,,,,,,,,,,,,,,,,,,,,,,,,,,,"14000US08059011712",,,"2427630","0",1779,8,42,19,39,55,21,64,95,71,153,197,306,315,159,132,103
"08059011720","Census Tract 117.20","Census Tract 117.20, Jefferson County, Colorado","co","140","00","ACSSF","0001912",,,,,"08","059",,,,"011720",,,,,,,,,,,,,,,,,,,,,,,,,,,,,,,,,,,"14000US08059011720",,,"15469956","7231",2054,26,41,32,39,30,39,78,69,65,210,131,335,173,127,241,418
"08059011721","Census Tract 117.21","Census Tract 117.21, Jefferson County, Colorado","co","140","00","ACSSF","0001913",,,,,"08","059",,,,"011721",,,,,,,,,,,,,,,,,,,,,,,,,,,,,,,,,,,"14000US08059011721",,,"2546855","2089",1161,18,40,72,19,41,9,19,45,36,109,88,151,168,80,127,139
"08059011723","Census Tract 117.23","Census Tract 117.23, Jefferson County, Colorado","co","140","00","ACSSF","0001914",,,,,"08","059",,,,"011723",,,,,,,,,,,,,,,,,,,,,,,,,,,,,,,,,,,"14000US08059011723",,,"1400255","0",1646,101,85,104,70,43,96,134,108,58,154,158,172,135,115,81,32
"08059011724","Census Tract 117.24","Census Tract 117.24, Jefferson County, Colorado","co","140","00","ACSSF","0001915",,,,,"08","059",,,,"011724",,,,,,,,,,,,,,,,,,,,,,,,,,,,,,,,,,,"14000US08059011724",,,"9271446","15500",2255,17,9,36,22,0,8,63,69,20,58,109,170,273,262,505,634
"08059011725","Census Tract 117.25","Census Tract 117.25, Jefferson County, Colorado","co","140","00","ACSSF","0001916",,,,,"08","059",,,,"011725",,,,,,,,,,,,,,,,,,,,,,,,,,,,,,,,,,,"14000US08059011725",,,"1004142","0",713,0,6,21,8,18,0,6,3,19,42,114,165,119,66,67,59
"08059011726","Census Tract 117.26","Census Tract 117.26, Jefferson County, Colorado","co","140","00","ACSSF","0001917",,,,,"08","059",,,,"011726",,,,,,,,,,,,,,,,,,,,,,,,,,,,,,,,,,,"14000US08059011726",,,"5614831","89831",2204,60,67,14,31,34,56,193,26,116,65,124,307,314,170,247,380
"08059011727","Census Tract 117.27","Census Tract 117.27, Jefferson County, Colorado","co","140","00","ACSSF","0001918",,,,,"08","059",,,,"011727",,,,,,,,,,,,,,,,,,,,,,,,,,,,,,,,,,,"14000US08059011727",,,"2556004","24337",1527,34,16,24,8,106,52,41,65,12,146,155,295,178,189,120,86
"08059011728","Census Tract 117.28","Census Tract 117.28, Jefferson County, Colorado","co","140","00","ACSSF","0001919",,,,,"08","059",,,,"011728",,,,,,,,,,,,,,,,,,,,,,,,,,,,,,,,,,,"14000US08059011728",,,"1277508","0",1129,41,0,25,52,9,18,25,52,63,94,108,227,156,123,76,60
"08059011729","Census Tract 117.29","Census Tract 117.29, Jefferson County, Colorado","co","140","00","ACSSF","0001920",,,,,"08","059",,,,"011729",,,,,,,,,,,,,,,,,,,,,,,,,,,,,,,,,,,"14000US08059011729",,,"1935776","30745",2024,39,29,29,49,138,71,125,107,145,298,250,370,147,25,136,66
"08059011730","Census Tract 117.30","Census Tract 117.30, Jefferson County, Colorado","co","140","00","ACSSF","0001921",,,,,"08","059",,,,"011730",,,,,,,,,,,,,,,,,,,,,,,,,,,,,,,,,,,"14000US08059011730",,,"1921568","1258",1635,200,43,39,41,136,102,25,120,75,148,239,201,120,44,85,17
"08059011731","Census Tract 117.31","Census Tract 117.31, Jefferson County, Colorado","co","140","00","ACSSF","0001922",,,,,"08","059",,,,"011731",,,,,,,,,,,,,,,,,,,,,,,,,,,,,,,,,,,"14000US08059011731",,,"13006587","1075643",2081,96,24,100,23,112,100,53,76,68,165,279,253,384,105,114,129
"08059011732","Census Tract 117.32","Census Tract 117.32, Jefferson County, Colorado","co","140","00","ACSSF","0001923",,,,,"08","059",,,,"011732",,,,,,,,,,,,,,,,,,,,,,,,,,,,,,,,,,,"14000US08059011732",,,"1322659","0",2542,74,75,37,96,33,97,147,97,228,401,497,471,122,94,51,22
"08059011733","Census Tract 117.33","Census Tract 117.33, Jefferson County, Colorado","co","140","00","ACSSF","0001924",,,,,"08","059",,,,"011733",,,,,,,,,,,,,,,,,,,,,,,,,,,,,,,,,,,"14000US08059011733",,,"1076806","34014",798,46,18,39,67,14,70,26,34,21,52,103,113,86,48,45,16
"08059011803","Census Tract 118.03","Census Tract 118.03, Jefferson County, Colorado","co","140","00","ACSSF","0001925",,,,,"08","059",,,,"011803",,,,,,,,,,,,,,,,,,,,,,,,,,,,,,,,,,,"14000US08059011803",,,"1928462","0",2024,108,20,60,68,79,66,122,151,87,212,347,272,178,161,85,8
"08059011804","Census Tract 118.04","Census Tract 118.04, Jefferson County, Colorado","co","140","00","ACSSF","0001926",,,,,"08","059",,,,"011804",,,,,,,,,,,,,,,,,,,,,,,,,,,,,,,,,,,"14000US08059011804",,,"1912325","37043",1668,30,55,20,113,36,119,113,91,72,60,195,299,160,156,97,52
"08059011805","Census Tract 118.05","Census Tract 118.05, Jefferson County, Colorado","co","140","00","ACSSF","0001927",,,,,"08","059",,,,"011805",,,,,,,,,,,,,,,,,,,,,,,,,,,,,,,,,,,"14000US08059011805",,,"924299","19408",2831,81,90,179,96,137,244,131,39,137,242,285,372,484,24,160,130
"08059011806","Census Tract 118.06","Census Tract 118.06, Jefferson County, Colorado","co","140","00","ACSSF","0001928",,,,,"08","059",,,,"011806",,,,,,,,,,,,,,,,,,,,,,,,,,,,,,,,,,,"14000US08059011806",,,"2955841","0",2186,184,152,241,186,99,132,64,58,106,255,127,206,153,80,92,51
"08059011904","Census Tract 119.04","Census Tract 119.04, Jefferson County, Colorado","co","140","00","ACSSF","0001929",,,,,"08","059",,,,"011904",,,,,,,,,,,,,,,,,,,,,,,,,,,,,,,,,,,"14000US08059011904",,,"2646305","31085",1204,31,65,60,109,58,95,39,78,19,89,162,125,73,89,39,73
"08059011951","Census Tract 119.51","Census Tract 119.51, Jefferson County, Colorado","co","140","00","ACSSF","0001930",,,,,"08","059",,,,"011951",,,,,,,,,,,,,,,,,,,,,,,,,,,,,,,,,,,"14000US08059011951",,,"2975226","257187",1377,57,28,43,21,25,0,88,33,81,127,252,179,84,102,122,135
"08059012022","Census Tract 120.22","Census Tract 120.22, Jefferson County, Colorado","co","140","00","ACSSF","0001931",,,,,"08","059",,,,"012022",,,,,,,,,,,,,,,,,,,,,,,,,,,,,,,,,,,"14000US08059012022",,,"4859139","27869",2290,74,68,14,27,92,45,46,38,75,177,183,195,396,263,337,260
"08059012023","Census Tract 120.23","Census Tract 120.23, Jefferson County, Colorado","co","140","00","ACSSF","0001932",,,,,"08","059",,,,"012023",,,,,,,,,,,,,,,,,,,,,,,,,,,,,,,,,,,"14000US08059012023",,,"2116605","2860",1291,19,7,44,19,20,41,26,28,26,65,163,241,224,157,106,105
"08059012024","Census Tract 120.24","Census Tract 120.24, Jefferson County, Colorado","co","140","00","ACSSF","0001933",,,,,"08","059",,,,"012024",,,,,,,,,,,,,,,,,,,,,,,,,,,,,,,,,,,"14000US08059012024",,,"8041712","21600",1948,64,40,32,52,22,24,32,44,29,89,141,271,291,252,312,253
"08059012026","Census Tract 120.26","Census Tract 120.26, Jefferson County, Colorado","co","140","00","ACSSF","0001934",,,,,"08","059",,,,"012026",,,,,,,,,,,,,,,,,,,,,,,,,,,,,,,,,,,"14000US08059012026",,,"23226292","16811",1398,43,20,18,3,75,45,78,22,22,111,86,211,196,90,178,200
"08059012027","Census Tract 120.27","Census Tract 120.27, Jefferson County, Colorado","co","140","00","ACSSF","0001935",,,,,"08","059",,,,"012027",,,,,,,,,,,,,,,,,,,,,,,,,,,,,,,,,,,"14000US08059012027",,,"55111891","33438",1196,0,24,0,26,27,23,25,71,31,38,70,181,230,106,173,171
"08059012030","Census Tract 120.30","Census Tract 120.30, Jefferson County, Colorado","co","140","00","ACSSF","0001936",,,,,"08","059",,,,"012030",,,,,,,,,,,,,,,,,,,,,,,,,,,,,,,,,,,"14000US08059012030",,,"34183370","196694",1638,22,36,25,53,61,72,65,45,17,75,133,270,193,161,168,242
"08059012031","Census Tract 120.31","Census Tract 120.31, Jefferson County, Colorado","co","140","00","ACSSF","0001937",,,,,"08","059",,,,"012031",,,,,,,,,,,,,,,,,,,,,,,,,,,,,,,,,,,"14000US08059012031",,,"48025846","82126",1535,24,36,0,19,24,17,68,25,33,66,77,236,150,176,203,381
"08059012032","Census Tract 120.32","Census Tract 120.32, Jefferson County, Colorado","co","140","00","ACSSF","0001938",,,,,"08","059",,,,"012032",,,,,,,,,,,,,,,,,,,,,,,,,,,,,,,,,,,"14000US08059012032",,,"30778580","22984",1044,42,16,27,22,21,23,7,30,40,70,58,153,127,129,140,139
"08059012033","Census Tract 120.33","Census Tract 120.33, Jefferson County, Colorado","co","140","00","ACSSF","0001939",,,,,"08","059",,,,"012033",,,,,,,,,,,,,,,,,,,,,,,,,,,,,,,,,,,"14000US08059012033",,,"56549390","69183",1195,18,12,23,0,16,36,34,9,25,55,107,139,204,110,198,209
"08059012034","Census Tract 120.34","Census Tract 120.34, Jefferson County, Colorado","co","140","00","ACSSF","0001940",,,,,"08","059",,,,"012034",,,,,,,,,,,,,,,,,,,,,,,,,,,,,,,,,,,"14000US08059012034",,,"22504279","79653",1421,20,29,28,35,23,11,20,8,19,47,9,154,101,127,229,561
"08059012035","Census Tract 120.35","Census Tract 120.35, Jefferson County, Colorado","co","140","00","ACSSF","0001941",,,,,"08","059",,,,"012035",,,,,,,,,,,,,,,,,,,,,,,,,,,,,,,,,,,"14000US08059012035",,,"30013634","245391",1791,29,0,10,10,47,0,33,28,32,55,98,267,145,90,285,662
"08059012036","Census Tract 120.36","Census Tract 120.36, Jefferson County, Colorado","co","140","00","ACSSF","0001942",,,,,"08","059",,,,"012036",,,,,,,,,,,,,,,,,,,,,,,,,,,,,,,,,,,"14000US08059012036",,,"146549300","3463371",1395,8,0,49,43,24,9,34,11,8,52,121,112,97,161,299,367
"08059012037","Census Tract 120.37","Census Tract 120.37, Jefferson County, Colorado","co","140","00","ACSSF","0001943",,,,,"08","059",,,,"012037",,,,,,,,,,,,,,,,,,,,,,,,,,,,,,,,,,,"14000US08059012037",,,"40136936","43595",1500,32,0,41,11,57,45,32,11,55,121,95,265,231,151,137,216
"08059012038","Census Tract 120.38","Census Tract 120.38, Jefferson County, Colorado","co","140","00","ACSSF","0001944",,,,,"08","059",,,,"012038",,,,,,,,,,,,,,,,,,,,,,,,,,,,,,,,,,,"14000US08059012038",,,"3269635","1397",1346,9,0,0,40,33,44,25,25,16,132,215,301,133,183,73,117
"08059012039","Census Tract 120.39","Census Tract 120.39, Jefferson County, Colorado","co","140","00","ACSSF","0001945",,,,,"08","059",,,,"012039",,,,,,,,,,,,,,,,,,,,,,,,,,,,,,,,,,,"14000US08059012039",,,"2309859","0",1953,50,12,55,24,65,37,82,60,22,124,193,396,264,263,136,170
"08059012041","Census Tract 120.41","Census Tract 120.41, Jefferson County, Colorado","co","140","00","ACSSF","0001946",,,,,"08","059",,,,"012041",,,,,,,,,,,,,,,,,,,,,,,,,,,,,,,,,,,"14000US08059012041",,,"3116350","208926",2136,44,12,30,35,19,92,124,47,55,94,190,472,302,208,279,133
"08059012042","Census Tract 120.42","Census Tract 120.42, Jefferson County, Colorado","co","140","00","ACSSF","0001947",,,,,"08","059",,,,"012042",,,,,,,,,,,,,,,,,,,,,,,,,,,,,,,,,,,"14000US08059012042",,,"2546430","39974",1357,12,0,23,44,49,18,29,43,10,105,153,178,288,54,177,174
"08059012043","Census Tract 120.43","Census Tract 120.43, Jefferson County, Colorado","co","140","00","ACSSF","0001948",,,,,"08","059",,,,"012043",,,,,,,,,,,,,,,,,,,,,,,,,,,,,,,,,,,"14000US08059012043",,,"4464882","323684",2143,47,33,20,59,23,62,30,51,24,136,149,277,446,264,305,217
"08059012044","Census Tract 120.44","Census Tract 120.44, Jefferson County, Colorado","co","140","00","ACSSF","0001949",,,,,"08","059",,,,"012044",,,,,,,,,,,,,,,,,,,,,,,,,,,,,,,,,,,"14000US08059012044",,,"4055872","215563",1590,48,16,0,19,22,115,28,0,60,95,83,258,267,164,233,182
"08059012045","Census Tract 120.45","Census Tract 120.45, Jefferson County, Colorado","co","140","00","ACSSF","0001950",,,,,"08","059",,,,"012045",,,,,,,,,,,,,,,,,,,,,,,,,,,,,,,,,,,"14000US08059012045",,,"2910897","23508",2188,10,45,18,17,77,84,47,108,28,110,212,413,250,229,379,161
"08059012046","Census Tract 120.46","Census Tract 120.46, Jefferson County, Colorado","co","140","00","ACSSF","0001951",,,,,"08","059",,,,"012046",,,,,,,,,,,,,,,,,,,,,,,,,,,,,,,,,,,"14000US08059012046",,,"1374701","4303",833,47,5,11,15,26,43,12,3,48,93,95,150,91,70,84,40
"08059012047","Census Tract 120.47","Census Tract 120.47, Jefferson County, Colorado","co","140","00","ACSSF","0001952",,,,,"08","059",,,,"012047",,,,,,,,,,,,,,,,,,,,,,,,,,,,,,,,,,,"14000US08059012047",,,"1733104","2002",1636,59,32,18,57,21,40,26,113,100,84,254,181,329,143,127,52
"08059012048","Census Tract 120.48","Census Tract 120.48, Jefferson County, Colorado","co","140","00","ACSSF","0001953",,,,,"08","059",,,,"012048",,,,,,,,,,,,,,,,,,,,,,,,,,,,,,,,,,,"14000US08059012048",,,"2361998","243010",1014,27,20,46,0,20,35,54,94,16,62,94,131,77,123,102,113
"08059012049","Census Tract 120.49","Census Tract 120.49, Jefferson County, Colorado","co","140","00","ACSSF","0001954",,,,,"08","059",,,,"012049",,,,,,,,,,,,,,,,,,,,,,,,,,,,,,,,,,,"14000US08059012049",,,"2629722","0",1384,10,4,9,18,0,0,36,48,10,107,104,249,190,170,194,235
"08059012050","Census Tract 120.50","Census Tract 120.50, Jefferson County, Colorado","co","140","00","ACSSF","0001955",,,,,"08","059",,,,"012050",,,,,,,,,,,,,,,,,,,,,,,,,,,,,,,,,,,"14000US08059012050",,,"3500436","676631",1759,53,69,43,47,76,50,29,69,64,124,186,176,251,147,167,208
"08059012051","Census Tract 120.51","Census Tract 120.51, Jefferson County, Colorado","co","140","00","ACSSF","0001956",,,,,"08","059",,,,"012051",,,,,,,,,,,,,,,,,,,,,,,,,,,,,,,,,,,"14000US08059012051",,,"2611702","0",1285,31,25,0,52,32,6,24,11,15,37,180,181,185,157,236,113
"08059012052","Census Tract 120.52","Census Tract 120.52, Jefferson County, Colorado","co","140","00","ACSSF","0001957",,,,,"08","059",,,,"012052",,,,,,,,,,,,,,,,,,,,,,,,,,,,,,,,,,,"14000US08059012052",,,"2433630","2126",2003,14,56,68,0,0,41,53,56,33,115,276,354,387,174,213,163
"08059012053","Census Tract 120.53","Census Tract 120.53, Jefferson County, Colorado","co","140","00","ACSSF","0001958",,,,,"08","059",,,,"012053",,,,,,,,,,,,,,,,,,,,,,,,,,,,,,,,,,,"14000US08059012053",,,"2454331","81987",1419,55,20,75,27,8,17,40,16,64,80,119,203,273,152,146,124
"08059012054","Census Tract 120.54","Census Tract 120.54, Jefferson County, Colorado","co","140","00","ACSSF","0001959",,,,,"08","059",,,,"012054",,,,,,,,,,,,,,,,,,,,,,,,,,,,,,,,,,,"14000US08059012054",,,"2358871","0",1562,29,13,9,30,15,33,79,40,18,89,85,271,236,106,202,307
"08059012055","Census Tract 120.55","Census Tract 120.55, Jefferson County, Colorado","co","140","00","ACSSF","0001960",,,,,"08","059",,,,"012055",,,,,,,,,,,,,,,,,,,,,,,,,,,,,,,,,,,"14000US08059012055",,,"2465633","0",1585,20,34,49,62,19,47,58,90,8,109,130,303,217,145,179,115
"08059012057","Census Tract 120.57","Census Tract 120.57, Jefferson County, Colorado","co","140","00","ACSSF","0001961",,,,,"08","059",,,,"012057",,,,,,,,,,,,,,,,,,,,,,,,,,,,,,,,,,,"14000US08059012057",,,"3827565","16694",2596,75,39,34,108,70,64,49,59,134,226,280,555,262,184,258,199
"08059012058","Census Tract 120.58","Census Tract 120.58, Jefferson County, Colorado","co","140","00","ACSSF","0001962",,,,,"08","059",,,,"012058",,,,,,,,,,,,,,,,,,,,,,,,,,,,,,,,,,,"14000US08059012058",,,"577203436","3918230",1581,16,32,0,27,49,62,78,84,58,54,90,132,187,207,218,287
"08059012059","Census Tract 120.59","Census Tract 120.59, Jefferson County, Colorado","co","140","00","ACSSF","0001963",,,,,"08","059",,,,"012059",,,,,,,,,,,,,,,,,,,,,,,,,,,,,,,,,,,"14000US08059012059",,,"1946649","0",1173,0,36,9,7,25,21,6,73,49,87,122,215,141,123,100,159
"08059012060","Census Tract 120.60","Census Tract 120.60, Jefferson County, Colorado","co","140","00","ACSSF","0001964",,,,,"08","059",,,,"012060",,,,,,,,,,,,,,,,,,,,,,,,,,,,,,,,,,,"14000US08059012060",,,"1218297","3757",1394,79,19,55,11,21,25,55,42,61,106,167,327,143,121,86,76
"08059015800","Census Tract 158","Census Tract 158, Jefferson County, Colorado","co","140","00","ACSSF","0001965",,,,,"08","059",,,,"015800",,,,,,,,,,,,,,,,,,,,,,,,,,,,,,,,,,,"14000US08059015800",,,"2286468","737",2002,96,46,42,83,70,127,98,127,28,206,235,246,188,212,117,81
"08059015900","Census Tract 159","Census Tract 159, Jefferson County, Colorado","co","140","00","ACSSF","0001966",,,,,"08","059",,,,"015900",,,,,,,,,,,,,,,,,,,,,,,,,,,,,,,,,,,"14000US08059015900",,,"5569061","171006",1391,52,46,23,65,78,108,77,36,108,61,158,198,141,77,78,85
"08059060300","Census Tract 603","Census Tract 603, Jefferson County, Colorado","co","140","00","ACSSF","0001967",,,,,"08","059",,,,"060300",,,,,,,,,,,,,,,,,,,,,,,,,,,,,,,,,,,"14000US08059060300",,,"1846140","0",1658,20,18,18,0,0,65,34,27,33,110,136,409,329,165,182,112
"08059060400","Census Tract 604","Census Tract 604, Jefferson County, Colorado","co","140","00","ACSSF","0001968",,,,,"08","059",,,,"060400",,,,,,,,,,,,,,,,,,,,,,,,,,,,,,,,,,,"14000US08059060400",,,"5231314","25393",1312,32,0,39,11,24,39,10,60,39,67,110,244,172,159,155,151
"08059060500","Census Tract 605","Census Tract 605, Jefferson County, Colorado","co","140","00","ACSSF","0001969",,,,,"08","059",,,,"060500",,,,,,,,,,,,,,,,,,,,,,,,,,,,,,,,,,,"14000US08059060500",,,"59209745","468736",2796,38,26,56,22,36,104,54,79,76,79,193,208,406,294,472,653
"08059980000","Census Tract 9800","Census Tract 9800, Jefferson County, Colorado","co","140","00","ACSSF","0001970",,,,,"08","059",,,,"980000",,,,,,,,,,,,,,,,,,,,,,,,,,,,,,,,,,,"14000US08059980000",,,"2875823","24245",0,0,0,0,0,0,0,0,0,0,0,0,0,0,0,0,0
"08059980400","Census Tract 9804","Census Tract 9804, Jefferson County, Colorado","co","140","00","ACSSF","0001971",,,,,"08","059",,,,"980400",,,,,,,,,,,,,,,,,,,,,,,,,,,,,,,,,,,"14000US08059980400",,,"777634","0",0,0,0,0,0,0,0,0,0,0,0,0,0,0,0,0,0
