"Company Name","Business Name","Street Address",City,"State Abbreviation","Zip Code","Telephone Number","Line of Business",Latitude,Longitude,"Primary NAICS","Primary SIC","Sales Volume","Total Employees","Local Employees","Year Started"
"4 SUR 2, LLC",MCDONALD'S,"902 SWEDE GULCH RD",EVERGREEN,CO,804393713,3035265810,"FAST-FOOD REST CHAIN",39.699538,-105.329877,722513,58120307,135923,000000002,2,2010
"8942 MCDONALD S",,"555 S CAMINO DEL RIO",DURANGO,CO,813036826,9707595727,"EATING PLACE",37.246599,-107.874612,722511,58120000,118751,000000008,8,2010
"ADDIS AND COMPANY INC",MCDONALD'S,"3350 N COLORADO BLVD",DENVER,CO,802053810,3033941541,"FAST-FOOD REST CHAIN",39.764127,-104.940459,722513,58120307,1300000,000000054,54,1998
"ASPEN FOOD SERVICE, INC",MCDONALD'S,"10683 I 25 ACCESS RD W",LONGMONT,CO,80504,3036519608,"FAST-FOOD REST CHAIN",40.207032,-104.979472,722513,58120307,7139024,000000350,50,1996
"BIGARI FOOD ENTERPRISES INC",MCDONALD'S,"1575 SPACE CENTER DR","COLORADO SPRINGS",CO,809152441,7195971499,"FAST-FOOD REST CHAIN",38.854973,-104.723282,722513,58120307,0,000000000,1,
"BIGARI FOOD ENTERPRISES INC",MCDONALD'S,"5825 MARK DABLING BLVD","COLORADO SPRINGS",CO,809192233,7196382071,"EATING PLACE MISC PERSONAL SERVICES",38.917492,-104.821017,722513,58120307,1571398,000000073,3,1991
"BIGARI FOOD ENTERPRISES INC",MCDONALD'S,"1244 N ACADEMY BLVD","COLORADO SPRINGS",CO,809094422,7195961977,"FAST-FOOD REST CHAIN",38.850131,-104.757493,722513,58120307,0,000000000,40,
"BIGARI FOOD ENTERPRISES INC",MCDONALD'S,"510 N MURRAY BLVD","COLORADO SPRINGS",CO,809153404,7195731711,"FAST-FOOD REST CHAIN",38.84026,-104.748189,722513,58120307,0,000000000,28,
"BIGARI FOOD ENTERPRISES INC",MCDONALD'S,"5765 CONSTITUTION AVE","COLORADO SPRINGS",CO,809151220,7196370393,"FAST-FOOD REST CHAIN",38.871914,-104.721375,722513,58120307,0,000000000,15,
"BOSELI INVESTMENTS",MCDONALD'S,"9499 SHERIDAN BLVD",WESTMINSTER,CO,800316532,3036508888,"FAST-FOOD REST CHAIN",39.868345,-105.053345,722513,58120307,198666,000000012,12,2004
"BOSELLI INVESTMENTS LLC",MCDONALD'S,"200 16TH ST FL 1",DENVER,CO,802025101,,"FAST-FOOD REST CHAIN",39.74191,-104.988019,722513,58120307,0,000000000,45,
"BOSELLI INVESTMENTS LLC",MCDONALD'S,"5085 FEDERAL BLVD",DENVER,CO,802211135,3034770655,"FAST-FOOD REST CHAIN",39.789009,-105.025314,722513,58120307,0,000000000,40,
"BOSELLI INVESTMENTS LLC",MCDONALD'S,"9995 WADSWORTH PKWY",WESTMINSTER,CO,800214249,3034208484,"FAST-FOOD REST CHAIN",39.877808,-105.095808,722513,58120307,0,000000000,50,
"BOSELLI INVESTMENTS LLC",MCDONALD'S,"9190 FEDERAL BLVD",DENVER,CO,802605835,3034261535,"FAST-FOOD REST CHAIN",39.863233,-105.024978,722513,58120307,0,000000000,43,
"BOSELLI INVESTMENTS LLC",MCDONALD'S,"895 S KUNER RD",BRIGHTON,CO,806012857,3036596602,"FAST-FOOD REST CHAIN",39.972585,-104.827735,722513,58120307,0,000000000,57,
"BOSELLI INVESTMENTS LLC",MCDONALD'S,"599 W 104TH AVE",NORTHGLENN,CO,802344002,7208892291,"FAST-FOOD REST CHAIN",39.885317,-104.994856,722513,58120307,0,000000000,47,
"BOSELLI INVESTMENTS LLC",MCDONALD'S,"10195 WASHINGTON ST",THORNTON,CO,802292001,3034525119,"FAST-FOOD REST CHAIN",39.881402,-104.977848,722513,58120307,0,000000000,35,
"BOSELLI INVESTMENTS LLC",MCDONALD'S,"3994 E 120TH AVE",THORNTON,CO,802331606,3034500428,"FAST-FOOD REST CHAIN",39.913777,-104.939662,722513,58120307,0,000000000,60,
"BOSELLI INVESTMENTS LLC",MCDONALD'S,"8700 WASHINGTON ST",THORNTON,CO,802294712,3032894886,"FAST-FOOD REST CHAIN",39.854348,-104.977855,722513,58120307,0,000000000,25,
"BOSELLI INVESTMENTS LLC",MCDONALD'S,"5570 W 88TH AVE",WESTMINSTER,CO,80031,3034285330,"FAST-FOOD REST CHAIN",39.856307,-105.058007,722513,58120307,0,000000000,35,
"BOSELLI INVESTMENTS LLC",MCDONALD'S,"1130 W 124TH AVE STE 1100",DENVER,CO,802341730,3034270915,"FAST-FOOD REST CHAIN",39.922005,-105.000735,722513,58120307,21653737,000000449,11,1976
"BOSELLI OF COLORADO LLC",MCDONALD'S,"3195 LAFAYETTE DR",BOULDER,CO,803057112,3034999861,"FAST-FOOD REST CHAIN",39.969072,-105.254223,722513,58120307,1780521,000000070,70,1973
"BOSELLI & SONS, LLC",MCDONALD'S,"4251 KIPLING ST UNIT 170","WHEAT RIDGE",CO,800332897,3035672338,"FAST-FOOD REST CHAIN",39.775799,-105.109679,722513,58120307,7514035,000000200,32,1996
"BOSELLI & SONS, LLC",MCDONALD'S,"450 W HIGHWAY 105",MONUMENT,CO,801326102,7194880044,"FAST-FOOD REST CHAIN",39.092986,-104.833712,722513,58120307,0,000000000,84,
"BOSELLI & SONS, LLC",MCDONALD'S,"5155 W 72ND AVE",WESTMINSTER,CO,800305137,3034287491,"FAST-FOOD REST CHAIN",39.827327,-105.052297,722513,58120307,0,000000000,84,
"BRANNON JONES",MCDONALD'S,"1061 MAIN ST",WINDSOR,CO,805504707,,"FAST-FOOD REST CHAIN",40.479709,-104.915712,722513,58120307,935766,000000050,50,1996
"C B A K INC",MCDONALD'S,"3151 AIRPORT BLVD",AURORA,CO,800113332,3033640706,"FAST-FOOD REST CHAIN",39.760873,-104.791291,722513,58120307,542628,000000043,43,2001
"C & B GOLDING",MCDONALD'S,"4310 BARNES RD","COLORADO SPRINGS",CO,809171559,7195721782,"FAST-FOOD REST CHAIN",38.897021,-104.746797,722513,58120307,0,000000000,1,
"C & B GOLDING",MCDONALD'S,"3021 W COLORADO AVE","COLORADO SPRINGS",CO,809042146,7194440132,"FAST-FOOD REST CHAIN",38.852314,-104.87103,722513,58120307,0,000000000,1,
"CJN INC",MCDONALD'S,"941 ALTA VISTA DR",CRAIG,CO,816253222,9708242403,"FAST-FOOD REST CHAIN",40.522763,-107.558388,722513,58120307,3090610,000000080,1,1985
"CJN INC",MCDONALD'S,"78850 US HWY 40","WINTER PARK",CO,80482,9707260566,"FAST-FOOD REST CHAIN",39.91914,-105.784972,722513,58120307,0,000000000,25,
"CJN INC",MCDONALD'S,"1150 S LINCOLN AVE","STEAMBOAT SPRINGS",CO,804878931,9708790247,"FAST-FOOD REST CHAIN",40.469173,-106.826089,722513,58120307,0,000000000,32,
"CJN INC",MCDONALD'S,"1080 W VICTORY WAY",CRAIG,CO,816252940,9708247638,"FAST-FOOD REST CHAIN",40.514133,-107.559999,722513,58120307,0,000000000,30,
"CLARA CORPORATION",MCDONALD'S,"7509 S ALKIRE ST",DENVER,CO,801273721,3039049552,"FAST-FOOD REST CHAIN",39.580505,-105.133792,722513,58120307,0,000000000,35,
"CLARA CORPORATION",MCDONALD'S,"2881 YOUNGFIELD ST",GOLDEN,CO,804012267,3032388671,"FAST-FOOD REST CHAIN",39.757979,-105.142507,722513,58120307,0,000000000,30,
"CLARA CORPORATION",MCDONALD'S,"3340 W 38TH AVE",DENVER,CO,802111910,3034580127,"FAST-FOOD REST CHAIN",39.769387,-105.030829,722513,58120307,0,000000000,60,
"CLARA CORPORATION",MCDONALD'S,"6050 E PARKWAY DR","COMMERCE CITY",CO,800223250,3032889418,"FAST-FOOD REST CHAIN",39.806649,-104.929885,722513,58120307,850902,000000050,50,1976
"CLARA CORPORATION",MCDONALD'S,"10925 W COLFAX AVE",LAKEWOOD,CO,802153724,3032380665,"FAST-FOOD REST CHAIN",39.740267,-105.121068,722513,58120307,0,000000000,30,
"CLARA CORPORATION",MCDONALD'S,"4855 WARD RD STE 600","WHEAT RIDGE",CO,800331953,3032323390,"FAST-FOOD REST CHAIN",39.784531,-105.138039,722513,58120307,16159814,000000450,5,1978
"CLARA CORPORATION",MCDONALD'S,"10177 W PROGRESS AVE # 2040",LITTLETON,CO,801271767,3039734440,"FAST-FOOD REST CHAIN",39.622644,-105.111661,722513,58120307,0,000000000,65,
"DAVE MADERA",MCDONALD'S,"8667 S QUEBEC ST","HIGHLANDS RANCH",CO,801305800,3035930298,"FAST-FOOD REST CHAIN",39.559735,-104.904715,722513,58120307,614569,000000043,43,2001
"DAVID NAPIER",MCDONALD'S,"1650 SANTA FE DR",PUEBLO,CO,810061446,7195448968,"FAST-FOOD REST CHAIN",38.245617,-104.580594,722513,58120307,500520,000000030,30,2004
"DONALD KISSACK",MCDONALD'S,"1028 BLUE GRASS TRL",EVERGREEN,CO,804399750,7403980157,"FAST-FOOD REST CHAIN",39.695859,-105.336753,722513,58120307,985768,000000043,43,2004
"DRIVE IN MEYMAR INCORPORATED",MCDONALD'S,"1001 29TH AVENUE CT",GREELEY,CO,806345416,9703562495,"FAST-FOOD REST CHAIN",40.422565,-104.728025,722513,58120307,5471718,000000200,80,1965
"DRIVE IN MEYMAR INCORPORATED",MCDONALD'S,"1250 W ELIZABETH ST","FORT COLLINS",CO,805214509,9702214578,"FAST-FOOD REST CHAIN",40.574692,-105.098337,722513,58120307,0,000000000,52,
"DRIVE IN MEYMAR INCORPORATED",MCDONALD'S,"2440 8TH AVE",GREELEY,CO,806317035,9703526786,"FAST-FOOD REST CHAIN",40.398188,-104.691057,722513,58120307,0,000000000,47,
"EDGEWATER STORE",MCDONALD'S,"1701 SHERIDAN BLVD",EDGEWATER,CO,802141323,3032371070,"FAST-FOOD REST CHAIN",39.744273,-105.053254,722513,58120307,657582,000000036,36,2000
"FRANK SANDOVAL",MCDONALD'S,"800 W CRESTLINE PL",LITTLETON,CO,80120,3039721967,"FAST-FOOD REST CHAIN",39.618336,-104.997539,722513,58120307,1300000,000000050,50,1987
"FRANK SANDOVAL",MCDONALD'S,"17500 S GOLDEN RD",GOLDEN,CO,804012694,3032770020,"FAST-FOOD REST CHAIN",39.740026,-105.197661,722513,58120307,541769,000000025,25,1997
"FRM MANAGEMENT CO",MCDONALD'S,"6686 S YOSEMITE CT","GREENWOOD VILLAGE",CO,801114904,3037706650,"FAST-FOOD REST CHAIN",39.595388,-104.887058,722513,58120307,0,000000000,30,
"FRM MANAGEMENT CO",MCDONALD'S,"5090 S QUEBEC ST",DENVER,CO,802372707,3036940255,"FAST-FOOD REST CHAIN",39.624378,-104.903913,722513,58120307,0,000000000,45,
"FRM MANAGEMENT CO",MCDONALD'S,"8286 S WADSWORTH BLVD",LITTLETON,CO,801289116,7209815550,"FAST-FOOD REST CHAIN",39.566568,-105.082575,722513,58120307,0,000000000,40,
"FRM MANAGEMENT CO",MCDONALD'S,"8241 S HOLLY ST",CENTENNIAL,CO,801224003,3037408565,"FAST-FOOD REST CHAIN",39.567039,-104.923095,722513,58120307,0,000000000,39,
"FRM MANAGEMENT CO",MCDONALD'S,"5550 W DARTMOUTH AVE",DENVER,CO,802275504,3039860814,"FAST-FOOD REST CHAIN",39.655847,-105.05574,722513,58120307,0,000000000,40,
"GDM MANAGEMENT, INC.",MCDONALD'S,"1395 S SANTA FE DR",DENVER,CO,802233233,3037446769,"FAST-FOOD REST CHAIN",39.691373,-104.992403,722513,58120307,3834316,000000135,28,1990
"GEORGE GREENWALD",MCDONALD'S,"709 TAUGHENBAUGH BLVD",RIFLE,CO,816502704,9706253236,"FAST-FOOD REST CHAIN",39.521797,-107.776725,722513,58120307,527354,000000025,25,2000
"GREG MERRIL",MCDONALD'S,"5858 S SANTA FE DR",LITTLETON,CO,801201815,3037955649,"FAST-FOOD REST CHAIN",39.611206,-105.021021,722513,58120307,857368,000000041,20,1990
"GREG MERRIL",MCDONALD'S,"1395 S SANTA FE DR",DENVER,CO,802233233,3037446769,"FAST-FOOD REST CHAIN",39.691373,-104.992403,722513,58120307,0,000000000,30,
"HILL SEVEN LLC",MCDONALD'S,"595 US HIGHWAY 287",BROOMFIELD,CO,800201731,3034669764,"FAST-FOOD REST CHAIN",39.923826,-105.090887,722513,58120307,0,000000000,47,
"HILL SEVEN LLC",MCDONALD'S,"1250 E 1ST AVE",BROOMFIELD,CO,800203703,3036358020,"FAST-FOOD REST CHAIN",39.915092,-105.057438,722513,58120307,0,000000000,47,
"H L HACKETT INC",MCDONALD'S,"10950 S PARKER RD",PARKER,CO,801347440,3038418214,"FAST-FOOD REST CHAIN",39.517695,-104.764737,722513,58120307,1154569,000000050,50,1989
"IN-CLEIN MC DONALD'S II",MCDONALD'S,"3601 S FEDERAL BLVD",ENGLEWOOD,CO,801103212,3037814097,"FAST-FOOD REST CHAIN",39.650997,-105.02537,722513,58120307,1393857,000000070,70,1975
"J1, INC",MCDONALD'S,"2400 CENTRAL AVE STE P1",BOULDER,CO,803012843,3034434700,"FAST-FOOD REST CHAIN",40.023825,-105.218289,722513,58120307,5403597,000000150,150,1994
"JAMES KLEIN",MCDONALD'S,"630 W HAMPDEN AVE",ENGLEWOOD,CO,801102114,3037621187,"FAST-FOOD REST CHAIN",39.653138,-104.995206,722513,58120307,1343082,000000075,75,1981
"JAYHAWK ENTERPRISES, INC.",MCDONALD'S,"19105 GREENBRIER LN",MONUMENT,CO,801328850,7194818464,"FAST-FOOD REST CHAIN",39.108789,-104.836646,722513,58120307,2117166,000000120,1,1992
"JAYHAWK ENTERPRISES, INC.",MCDONALD'S,"8120 VOYAGER PKWY","COLORADO SPRINGS",CO,809205509,,"FAST-FOOD REST CHAIN",38.949344,-104.802624,722513,58120307,0,000000000,47,
"JOBEC INC",MCDONALD'S,"555 S CAMINO DEL RIO A3C",DURANGO,CO,813036826,9702472446,"FAST-FOOD REST CHAIN",37.246599,-107.874612,722513,58120307,0,000000000,60,
"JOBEC INC",MCDONALD'S,"555 S CAMINO DEL RIO A3C",DURANGO,CO,813036826,5053346824,"FAST-FOOD REST CHAIN",37.246599,-107.874612,722513,58120307,0,000000000,39,
"JOBEC INC",MCDONALD'S,"555 S CAMINO DEL RIO A3C",DURANGO,CO,813036826,9705656004,"FAST-FOOD REST CHAIN",37.246599,-107.874612,722513,58120307,0,000000000,45,
"JOBEC INC",MCDONALD'S,"555 S CAMINO DEL RIO A3C",DURANGO,CO,813036826,5053274925,"FAST-FOOD REST CHAIN",37.246599,-107.874612,722513,58120307,0,000000000,45,
"JOBEC INC",MCDONALD'S,"555 S CAMINO DEL RIO A3C",DURANGO,CO,813036826,9702479391,"FAST-FOOD REST CHAIN",37.246599,-107.874612,722513,58120307,8310767,000000250,5,1981
"JOLEAN MANAGEMENT",MCDONALD'S,"12017 W ALAMEDA PKWY",LAKEWOOD,CO,802282701,7209885334,"FAST-FOOD REST CHAIN",39.708825,-105.134212,722513,58120307,2200000,000000090,90,1974
"JOLEE MANAGEMENT COMPANY",MCDONALD'S,"6086 S CHESTER WAY","GREENWOOD VILLAGE",CO,801115230,3032900406,"FAST-FOOD REST CHAIN",39.606373,-104.881296,722513,58120307,1283535,000000150,150,1992
"JOSEPH FIGUEORA",MCDONALD'S,"505 E COLFAX AVE",DENVER,CO,802032017,3038324259,"FAST-FOOD REST CHAIN",39.740074,-104.98066,722513,58120307,830000,000000030,30,1987
"KATHY LENNIEN",MCDONALD'S,"5100 S BROADWAY",ENGLEWOOD,CO,801136706,3038069244,"FAST-FOOD REST CHAIN",39.62387,-104.987841,722513,58120307,389943,000000025,25,1999
"KEO ENTERPRISES",MCDONALD'S,"811 CASTLE VALLEY BLVD","NEW CASTLE",CO,816479441,9709843332,"FAST-FOOD REST CHAIN",39.569815,-107.513417,722513,58120307,523716,000000043,43,2011
"KING ENTERPRISES",MCDONALD'S,"555 JURASSIC CT",FRUITA,CO,815217707,9708583843,"FAST-FOOD REST CHAIN",39.151927,-108.739662,722513,58120307,0,000000000,27,
"KING ENTERPRISES",MCDONALD'S,"1305 GLENWOOD AVE","GRAND JUNCTION",CO,815014329,9702456420,"EATING PLACE BEEF CATTLE-EXCEPT FEEDLOT AMUSEMENT/RECREATION SERVICES",39.078285,-108.550826,722513,58120307,2287471,000000058,3,1982
"KING ENTERPRISES",MCDONALD'S,"3219 I-70 BUSINESS LOOP",CLIFTON,CO,815207609,9704349190,"FAST-FOOD REST CHAIN",39.089483,-108.455957,722513,58120307,0,000000000,50,
"LEROY SMITH INC",MCDONALD'S,"995 PARK ST","CASTLE ROCK",CO,801091527,3036885880,"FAST-FOOD REST CHAIN",39.380566,-104.865914,722513,58120307,929568,000000055,55,1994
"LISA MORRIS",MCDONALD'S,"900 AURARIA PKWY 101C",DENVER,CO,802041894,3035958434,"FAST-FOOD REST CHAIN",39.747254,-105.005665,722513,58120307,300000,000000008,8,1997
"LONG ENTERPRISE INC",MCDONALD'S,"1035 E MAIN ST",MONTROSE,CO,814014065,9702402722,"FAST-FOOD REST CHAIN",38.484057,-107.87012,722513,58120307,1089894,000000045,45,1981
"LONG'S OF GUNNISON, INC",MCDONALD'S,"800 E TOMICHI AVE",GUNNISON,CO,812302065,9706415050,"FAST-FOOD REST CHAIN",38.544411,-106.91741,722513,58120307,0,000000000,35,
"L & S ENTERPRISES 2 INC",MCDONALD'S,"640 SUTHPOINTE CT STE 110","COLORADO SPRINGS",CO,80906,7193938071,"FAST-FOOD REST CHAIN",38.796577,-104.816943,722513,58120307,4800000,000000220,7,1981
"L & S ENTERPRISES 2 INC",MCDONALD'S,"1824 S NEVADA AVE","COLORADO SPRINGS",CO,809052517,7196331171,"FAST-FOOD REST CHAIN",38.8072,-104.822434,722513,58120307,0,000000000,45,
"L & S ENTERPRISES 2 INC",MCDONALD'S,"2705 JANITELL RD","COLORADO SPRINGS",CO,809064102,7195380075,"FAST-FOOD REST CHAIN",38.795484,-104.789988,722513,58120307,0,000000000,40,
"L & S ENTERPRISES 2 INC",MCDONALD'S,"105 PLAZA BLVD",FOUNTAIN,CO,808172550,7193911315,"FAST-FOOD REST CHAIN",38.742262,-104.736555,722513,58120307,0,000000000,50,
"L & S ENTERPRISES 2 INC",MCDONALD'S,"2515 S ACADEMY BLVD","COLORADO SPRINGS",CO,809162801,7193928249,"FAST-FOOD REST CHAIN",38.796141,-104.757454,722513,58120307,0,000000000,34,
"L & S ENTERPRISES 2 INC",MCDONALD'S,"207 N WAHSATCH AVE","COLORADO SPRINGS",CO,809033408,7196347589,"FAST-FOOD REST CHAIN",38.836874,-104.817743,722513,58120307,0,000000000,25,
"MC DONALDS",MCDONALD'S,"1035 N COLORADO AVE",BRUSH,CO,807233028,9708422717,"FAST-FOOD REST CHAIN",40.265625,-103.621755,722513,58120307,919665,000000040,40,1996
"MC DONALDS",MCDONALD'S,"5990 DAHLIA ST","COMMERCE CITY",CO,800223708,3032279950,"FAST-FOOD REST CHAIN",39.80464,-104.931183,722513,58120307,567657,000000043,43,2007
"MC DONALD'S",MCDONALD'S,"1822 SKYWAY DR UNIT N",LONGMONT,CO,805045204,3036829566,"FAST-FOOD REST CHAIN",40.158285,-105.020952,722513,58120307,1282662,000000045,40,1998
"MC DONALD'S",MCDONALD'S,"5550 E WOODMEN RD","COLORADO SPRINGS",CO,809205257,7195930099,"FAST-FOOD REST CHAIN",38.940294,-104.724872,722513,58120307,524039,000000043,43,2009
"MC DONALD'S",MCDONALD'S,"2881 NORTH AVE","GRAND JUNCTION",CO,815015064,9702414042,"FAST-FOOD REST CHAIN",39.077231,-108.518198,722513,58120307,458815,000000043,43,2010
"MC DONALD'S",MCDONALD'S,"5235 WADSWORTH BYP",ARVADA,CO,800023729,3034201966,"FAST-FOOD REST CHAIN",39.792177,-105.081077,722513,58120307,1798633,000000100,100,2000
"MC DONALD'S",MCDONALD'S,"1822 SKYWAY DR UNIT N",LONGMONT,CO,805045204,9706698250,"FAST-FOOD REST CHAIN",40.158285,-105.020952,722513,58120307,0,000000000,3,
"MC DONALD'S",MCDONALD'S,"6201 E COLFAX AVE",DENVER,CO,802201514,3033330982,"FAST-FOOD REST CHAIN",39.740237,-104.915977,722513,58120307,522399,000000043,43,2007
"MC DONALD'S",MCDONALD'S,"9400 E HAMPDEN AVE",DENVER,CO,802315414,3037519301,"FAST-FOOD REST CHAIN",39.653021,-104.877407,722513,58120307,565726,000000043,43,2010
"MC DONALD'S",MCDONALD'S,"9901 GRANT ST",THORNTON,CO,802292157,3034518658,"FAST-FOOD REST CHAIN",39.876593,-104.983856,722513,58120307,525533,000000043,43,2010
"MC DONALD'S",MCDONALD'S,"250 W 65TH ST",LOVELAND,CO,805384668,9704611566,"FAST-FOOD REST CHAIN",40.458417,-105.079987,722513,58120307,0,000000000,3,
"MC DONALD'S",MCDONALD'S,"390 S 8TH ST","COLORADO SPRINGS",CO,809051804,7196355281,"FAST-FOOD REST CHAIN",38.828504,-104.840837,722513,58120307,1933760,000000095,55,1991
"MC DONALD'S",MCDONALD'S,"150 S PARISH AVE",JOHNSTOWN,CO,805349096,9705878995,"FAST-FOOD REST CHAIN",40.334062,-104.906154,722513,58120307,663123,000000043,43,2002
"MC DONALD'S",MCDONALD'S,"8900 PENA BLVD",DENVER,CO,802496363,3033429052,"FAST-FOOD REST CHAIN",39.8517,-104.676666,722513,58120307,623521,000000043,43,2010
"MC DONALD'S",MCDONALD'S,"3201 E PLATTE AVE","COLORADO SPRINGS",CO,809096460,7196329505,"FAST-FOOD REST CHAIN",38.839672,-104.769912,722513,58120307,563116,000000043,43,2010
MCDONALD'S,MCDONALD'S,"780 W 84TH AVE",THORNTON,CO,802604820,3034120544,"FAST-FOOD REST CHAIN",39.848973,-104.996282,722513,58120307,465823,000000043,43,2014
MCDONALD'S,MCDONALD'S,"1675 N COLLEGE AVE","FORT COLLINS",CO,805241220,9702218550,"FAST-FOOD REST CHAIN",40.609427,-105.076527,722513,58120307,509773,000000033,33,2002
MCDONALD'S,MCDONALD'S,"5450 TUTT BLVD","COLORADO SPRINGS",CO,809222515,7195918541,"FAST-FOOD REST CHAIN",38.909519,-104.715226,722513,58120307,560048,000000043,43,2011
MCDONALD'S,MCDONALD'S,"1325 DENVER AVE",LOVELAND,CO,805375120,9706120011,"FAST-FOOD REST CHAIN",40.405844,-105.044764,722513,58120307,479116,000000043,43,2011
MCDONALD'S,MCDONALD'S,"12875 QUEBEC ST",THORNTON,CO,806029623,7208722395,"FAST-FOOD REST CHAIN",39.929481,-104.90303,722513,58120307,518585,000000043,43,2011
MCDONALD'S,MCDONALD'S,"10011 JORDAN RD UNIT A",PARKER,CO,801346101,7208517615,"FAST-FOOD REST CHAIN",39.535356,-104.793512,722513,58120307,445959,000000043,43,2011
MCDONALD'S,MCDONALD'S,"5650 S CHAMBERS RD",AURORA,CO,800151132,3036991965,"FAST-FOOD REST CHAIN",39.615288,-104.813692,722513,58120307,586603,000000043,43,2011
MCDONALD'S,MCDONALD'S,"1822 SKYWAY DR UNIT N",LONGMONT,CO,805045204,3038335366,"FAST-FOOD REST CHAIN",40.158285,-105.020952,722513,58120307,493119,000000041,41,2004
MCDONALD'S,MCDONALD'S,"8700 PENA BLVD",DENVER,CO,802496362,3033429048,"FAST-FOOD REST CHAIN",39.851272,-104.675106,722513,58120307,215709,000000010,10,2011
MCDONALD'S,MCDONALD'S,"4780 YAMPA ST",DENVER,CO,802496839,3033735377,"FAST-FOOD REST CHAIN",39.783177,-104.774408,722513,58120307,509010,000000043,43,2011
MCDONALD'S,MCDONALD'S,"1888 S WADSWORTH BLVD",LAKEWOOD,CO,802326831,3037637500,"FAST-FOOD REST CHAIN",39.683229,-105.081386,722513,58120307,606099,000000043,43,2011
MCDONALD'S,MCDONALD'S,"2911 COLORADO BLVD","IDAHO SPRINGS",CO,80452,3035671410,"FAST-FOOD REST CHAIN",39.741765,-105.49754,722513,58120307,541758,000000043,43,2011
MCDONALD'S,MCDONALD'S,"4525 S COLLEGE AVE","FORT COLLINS",CO,805253024,9702232847,"FAST-FOOD REST CHAIN",40.524682,-105.077223,722513,58120307,376364,000000011,11,2002
MCDONALD'S,MCDONALD'S,"10400 BELLE CREEK BLVD",HENDERSON,CO,806407572,3032893207,"FAST-FOOD REST CHAIN",39.887688,-104.881788,722513,58120307,547955,000000043,43,2012
MCDONALD'S,MCDONALD'S,"324 E FILLMORE ST","COLORADO SPRINGS",CO,809076368,7196323007,"FAST-FOOD REST CHAIN",38.87435,-104.81601,722513,58120307,612878,000000043,43,2009
MCDONALD'S,MCDONALD'S,"55 S OAK AVE UNIT B",EATON,CO,806158803,9704545575,"FAST-FOOD REST CHAIN",40.524162,-104.711148,722513,58120307,520496,000000043,43,2010
MCDONALD'S,MCDONALD'S,"1050 S CHAMBERS RD",AURORA,CO,800173027,3036967592,"FAST-FOOD REST CHAIN",39.697367,-104.809748,722513,58120307,1251945,000000053,53,1998
MCDONALD'S,MCDONALD'S,"300 S BROADWAY",DENVER,CO,802091512,3037153612,"FAST-FOOD REST CHAIN",39.71102,-104.987534,722513,58120307,704758,000000043,43,2009
MCDONALD'S,MCDONALD'S,"3902 WADSWORTH BLVD","WHEAT RIDGE",CO,800334615,3034215250,"FAST-FOOD REST CHAIN",39.771319,-105.08133,722513,58120307,542725,000000043,43,2009
MCDONALD'S,MCDONALD'S,"3512 S TIMBERLINE RD","FORT COLLINS",CO,805252932,9702060426,"FAST-FOOD REST CHAIN",40.539158,-105.039133,722513,58120307,693977,000000043,43,2008
MCDONALD'S,MCDONALD'S,"8120 6TH ST",WELLINGTON,CO,805491514,9705687933,"FAST-FOOD REST CHAIN",40.702761,-105.000291,722513,58120307,528229,000000043,43,2012
MCDONALD'S,MCDONALD'S,"1051 S HOVER ST UNIT B",LONGMONT,CO,805018024,3036821948,"FAST-FOOD REST CHAIN",40.149453,-105.130859,722513,58120307,870000,000000040,40,2001
MCDONALD'S,MCDONALD'S,"6801 W ALAMEDA AVE",LAKEWOOD,CO,802263301,3032379690,"FAST-FOOD REST CHAIN",39.711112,-105.072493,722513,58120307,851314,000000060,60,1994
MCDONALD'S,MCDONALD'S,"1191 S 1ST ST",BENNETT,CO,801027908,3036443336,"FAST-FOOD REST CHAIN",39.740366,-104.433388,722513,58120307,564278,000000043,43,2012
MCDONALD'S,MCDONALD'S,"25650 E ARAPAHOE RD",AURORA,CO,800162849,7208827267,"FAST-FOOD REST CHAIN",39.588565,-104.688755,722513,58120307,142874,000000007,7,2015
MCDONALD'S,MCDONALD'S,"1451 ODELLE RD",MONTROSE,CO,814015588,9702402722,"FAST-FOOD REST CHAIN",38.454501,-107.866713,722513,58120307,571542,000000043,43,2014
MCDONALD'S,MCDONALD'S,"11025 E COLFAX AVE",AURORA,CO,800102502,3033645212,"FAST-FOOD REST CHAIN",39.740238,-104.85978,722513,58120307,587769,000000043,43,2014
MCDONALD'S,MCDONALD'S,"1212 NORTH AVE","GRAND JUNCTION",CO,815013143,9702421105,"FAST-FOOD REST CHAIN",39.077485,-108.551952,722513,58120307,584202,000000043,43,2014
MCDONALD'S,MCDONALD'S,"2850 W ALAMEDA AVE",DENVER,CO,802192902,3039376880,"FAST-FOOD REST CHAIN",39.711036,-105.02352,722513,58120307,588235,000000043,43,2014
MCDONALD'S,MCDONALD'S,"14825 W 64TH AVE",ARVADA,CO,800077523,3034230912,"FAST-FOOD REST CHAIN",39.812557,-105.166499,722513,58120307,550200,000000043,43,2014
MCDONALD'S,MCDONALD'S,"2700 W BELLEVIEW AVE",LITTLETON,CO,801237751,7202833039,"FAST-FOOD REST CHAIN",39.623984,-105.021183,722513,58120307,571762,000000043,43,2009
MCDONALD'S,MCDONALD'S,"10000 W COLFAX AVE",LAKEWOOD,CO,802153908,3032380665,"FAST-FOOD REST CHAIN",39.740087,-105.109804,722513,58120307,543669,000000043,43,2014
"MCDONALDS 17970",MCDONALD'S,"3201 23RD AVE",EVANS,CO,806201733,9705060683,"FAST-FOOD REST CHAIN",40.384329,-104.715813,722513,58120307,890000,000000043,43,2007
"MCDONALDS 22588",MCDONALD'S,"18181 E HAMPDEN AVE",AURORA,CO,800133558,3036804197,"FAST-FOOD REST CHAIN",39.653161,-104.777241,722513,58120307,622709,000000043,43,2007
"MCDONALDS 24890",MCDONALD'S,"2171 W 128TH AVE",DENVER,CO,802341306,3034507500,"FAST-FOOD REST CHAIN",39.92865,-105.012786,722513,58120307,890000,000000043,43,2007
"MC DONALD'S 27680 INC",MCDONALD'S,"27680 FRONTAGE RD","LA JUNTA",CO,810509707,7193848979,"FAST-FOOD REST CHAIN",37.991633,-103.570622,722513,58120307,950000,000000045,45,1981
"MCDONALDS 30360",MCDONALD'S,"6101 S AURORA PKWY",AURORA,CO,800165801,3036806760,"FAST-FOOD REST CHAIN",39.607782,-104.703634,722513,58120307,583729,000000043,43,2007
"MC DONALD'S 3319",MCDONALD'S,"4475 PEORIA ST",DENVER,CO,802394817,3033734146,"FAST-FOOD REST CHAIN",39.777146,-104.847142,722513,58120307,1265995,000000050,50,1985
"MC DONALD'S 5925",MCDONALD'S,"100 CRAFT DR",ALAMOSA,CO,811012272,7195892228,"FAST-FOOD REST CHAIN",37.475967,-105.894133,722513,58120307,823221,000000045,45,1981
"MCDONALDS CORP",MCDONALD'S,"765 W BAPTIST RD","COLORADO SPRINGS",CO,809212454,7194818742,"FAST-FOOD REST CHAIN",39.05649,-104.84243,722513,58120307,534801,000000043,43,2011
"MCDONALDS FAMILY RESTAURANT",MCDONALD'S,"1620 FOXTRAIL DR",LOVELAND,CO,805388704,9706635065,"FAST-FOOD REST CHAIN",40.409212,-105.001875,722513,58120307,419256,000000025,25,2004
"MC DONALD'S HAMBURGERS",MCDONALD'S,"611 E 120TH AVE",THORNTON,CO,802335708,7208720121,"FAST-FOOD REST CHAIN",39.914225,-104.97952,722513,58120307,592675,000000043,43,2010
"MC DONALD'S HAMBURGERS",MCDONALD'S,"13420 W COAL MINE AVE",LITTLETON,CO,801275402,7209819944,"FAST-FOOD REST CHAIN",39.60313,-105.151528,722513,58120307,593380,000000043,43,2010
"MCDONALDS JAY HAWK ENTERPRISE",MCDONALD'S,"3535 HARTSEL DR","COLORADO SPRINGS",CO,809204173,7192669772,"FAST-FOOD REST CHAIN",38.938278,-104.760919,722513,58120307,536826,000000043,43,2004
"MCDONALD'S OF COLORADO SPRINGS",MCDONALD'S,"434 GARDEN OF THE GODS RD","COLORADO SPRINGS",CO,809074218,7195998774,"FAST-FOOD REST CHAIN",38.897413,-104.819635,722513,58120307,547806,000000035,35,2007
"MCDONALDS OFFICE",,"2050 TERRY ST STE 102",LONGMONT,CO,805011891,3036849426,"EATING PLACE",40.194684,-105.104679,722513,58120307,776077,000000043,43,2007
"MCDONALDS OFFICE",,"4251 KIPLING ST","WHEAT RIDGE",CO,800332896,3034567909,"EATING PLACE",39.775799,-105.109679,722513,58120307,560398,000000043,43,2011
"MC DONALD'S OF LAMAR",MCDONALD'S,"1011 N MAIN ST",LAMAR,CO,810522109,7193365763,"FAST-FOOD REST CHAIN",38.099242,-102.618983,722513,58120307,622874,000000045,45,1997
"MCDONALD'S OF LITTLETON",MCDONALD'S,"6300 S BROADWAY",LITTLETON,CO,801212302,3037946714,"FAST-FOOD REST CHAIN",39.602337,-104.988084,722513,58120307,617079,000000043,43,2007
"MCDONALD'S OF MESA MALL",MCDONALD'S,"2438 HWY 6 AND 50 STE C","GRAND JUNCTION",CO,815051102,9702453900,"FAST-FOOD REST CHAIN",39.088425,-108.601156,722513,58120307,743236,000000040,40,2001
"MCDONALD'S RESTAURANT",MCDONALD'S,"4999 FACTORY SHOPS BLVD","CASTLE ROCK",CO,801081920,3036608803,"FAST-FOOD REST CHAIN",39.411047,-104.872428,722513,58120307,633981,000000042,42,2001
"MCDONALD'S RESTAURANT",MCDONALD'S,"625 INTERLOCKEN BLVD",BROOMFIELD,CO,800218243,3034607642,"FAST-FOOD REST CHAIN",39.928797,-105.129182,722513,58120307,571726,000000043,43,2010
"MCDONALD'S RESTAURANT",MCDONALD'S,"3490 PARK AVE W",DENVER,CO,802165105,,"FAST-FOOD REST CHAIN",39.76599,-104.994811,722513,58120307,597322,000000043,43,2007
"MCDONALDS RESTAURANT",MCDONALD'S,"2017 PRAIRIE CENTER PKWY",BRIGHTON,CO,806017015,7206857855,"FAST-FOOD REST CHAIN",39.957929,-104.77638,722513,58120307,516854,000000043,43,2009
"MCDONALDS RESTAURANT",MCDONALD'S,"7255 N MERIDIAN RD",PEYTON,CO,808315802,7194948498,"FAST-FOOD REST CHAIN",38.936799,-104.611683,722513,58120307,564923,000000043,43,2010
"MCDONALDS RESTAURANT",MCDONALD'S,"7155 SHERIDAN BLVD",WESTMINSTER,CO,800033803,7205406914,"FAST-FOOD REST CHAIN",39.82652,-105.053545,722513,58120307,600000,000000019,19,2010
"MCDONALDS RESTAURANT",MCDONALD'S,"19893 E SMOKY HILL RD",CENTENNIAL,CO,800153131,3037664678,"FAST-FOOD REST CHAIN",39.612679,-104.75645,722513,58120307,1018008,000000045,45,2001
"MCDONALD'S RESTAURANT CARLSON",,"141 W DAVIES AVE N # 106",LITTLETON,CO,801205211,3037943098,"EATING PLACE",39.58943,-104.989899,722513,58120307,372379,000000009,9,2002
"MCDONALD'S RESTAURANTS",MCDONALD'S,"1350 W COLFAX AVE",DENVER,CO,802042030,,"FAST-FOOD REST CHAIN",39.740014,-105.004325,722513,58120307,171745,000000007,7,2007
"MCDONALD'S RESTAURANTS",MCDONALD'S,"9160 CROWN CREST BLVD",PARKER,CO,801388697,7208516040,"FAST-FOOD REST CHAIN",39.550206,-104.773606,722513,58120307,567289,000000043,43,2007
"MCDONALDS RESTAURANTS",MCDONALD'S,"6462 S PARKER RD",AURORA,CO,800161080,3036173339,"FAST-FOOD REST CHAIN",39.600286,-104.805047,722513,58120307,664876,000000042,42,2001
"MCDONALDS RESTAURANTS",MCDONALD'S,"3901 OUTLOOK BLVD",PUEBLO,CO,810081698,7195422913,"FAST-FOOD REST CHAIN",38.308272,-104.626919,722513,58120307,625160,000000043,43,2014
"MCDONALD'S RESTAURANTS OF CALIFORNIA, INC",MCDONALD'S,"4643 S ULSTER ST STE 1300",DENVER,CO,802372868,3032623800,"FAST-FOOD REST CHAIN",39.630516,-104.896129,722513,58120307,0,000000000,49,
"MCDONALD'S RESTAURANTS OF COLORADO",MCDONALD'S,"920 47TH AVE",GREELEY,CO,806342042,,"FAST-FOOD REST CHAIN",40.423712,-104.756147,722513,58120307,870000,000000043,43,2009
"MCDONALD'S RESTAURANTS OF COLORADO, INC.",MCDONALD'S,"2520 N 47TH AVE",GREELEY,CO,80631,9703307320,"FAST-FOOD REST CHAIN",40.464796,-104.75406,722513,58120307,0,000000000,23,
"MCDONALD'S RESTAURANTS OF COLORADO, INC.",MCDONALD'S,"6355 E EVANS AVE",DENVER,CO,802225807,3037560271,"FAST-FOOD REST CHAIN",39.678492,-104.915165,722513,58120307,0,000000000,45,
"MCDONALDS STAPLETON",MCDONALD'S,"3790 QUEBEC ST",DENVER,CO,802071600,3033217499,"FAST-FOOD REST CHAIN",39.768823,-104.90242,722513,58120307,724890,000000043,43,2007
"MCDONALDS SYS HMBG",,"11025 E COLFAX AVE",AURORA,CO,800102502,3033645212,"EATING PLACE",39.740238,-104.85978,722513,58120307,596087,000000052,52,1991
"MCDONALD'S SYSTEMS HAMBURGERS",,"12017 W ALAMEDA PKWY",LAKEWOOD,CO,802282701,3039892320,"EATING PLACE",39.708825,-105.134212,722513,58120307,347220,000000043,43,2012
"MCDONALDS SYSTEMS HAMBURGERS",MCDONALD'S,"5750 WASHINGTON ST",DENVER,CO,802161322,3032972690,"FAST-FOOD REST CHAIN",39.800932,-104.97804,722513,58120307,435912,000000020,20,2010
"MCDONALDS USA LLC",,"4643 S ULSTER ST STE 1300",DENVER,CO,802372868,3037790444,"EATING PLACE",39.630516,-104.896129,722513,58120307,769501,000000043,43,2014
"MCOPCO CORP",MCDONALD'S,"12900 E MISSISSIPPI AVE",AURORA,CO,800123466,3036712578,"FAST-FOOD REST CHAIN",39.696502,-104.838078,722513,58120307,1308726,000000068,16,2003
"MCOPCO CORP",MCDONALD'S,"14251 E COLFAX AVE",AURORA,CO,800115717,3033436169,"FAST-FOOD REST CHAIN",39.740336,-104.822095,722513,58120307,0,000000000,68,
"MC SUMMIT INC",MCDONALD'S,"220 SUMMIT DR",DILLON,CO,80435,9704685646,"FAST-FOOD REST CHAIN",39.597777,-106.007263,722513,58120307,707353,000000043,43,1979
"MILE HIGH DRIVE-IN, INCORPORATED",MCDONALD'S,"6590 WADSWORTH BYP",ARVADA,CO,800034400,3034314733,"FAST-FOOD REST CHAIN",39.813775,-105.080755,722513,58120307,0,000000000,30,
"MILE HIGH DRIVE-IN, INCORPORATED",MCDONALD'S,"245 S MAIN ST",LONGMONT,CO,805016423,3037769383,"FAST-FOOD REST CHAIN",40.153452,-105.1026,722513,58120307,0,000000000,17,
"MILE HIGH DRIVE-IN, INCORPORATED",MCDONALD'S,"2920 BASELINE RD",BOULDER,CO,803032314,3034491916,"FAST-FOOD REST CHAIN",39.999927,-105.254991,722513,58120307,0,000000000,17,
"MILE HIGH DRIVE-IN, INCORPORATED",MCDONALD'S,"520 STACY CT STE D",LAFAYETTE,CO,800268877,3036656700,"FAST-FOOD REST CHAIN",39.985061,-105.096652,722513,58120307,1046286,000000030,3,1969
"MONETTE SPONSEO",MCDONALD'S,"16891 E ILIFF AVE",AURORA,CO,800131136,3037514580,"FAST-FOOD REST CHAIN",39.673769,-104.791588,722513,58120307,812522,000000055,55,2004
"NAPIER ENTERPRISES INC",MCDONALD'S,"711 W US HIGHWAY 50",PUEBLO,CO,810081603,7195427601,"FAST-FOOD REST CHAIN",38.307975,-104.617485,722513,58120307,0,000000000,70,
"NAPIER ENTERPRISES INC",MCDONALD'S,"3901 OUTLOOK BLVD",PUEBLO,CO,810081698,7195422913,"FAST-FOOD REST CHAIN",38.308272,-104.626919,722513,58120307,3790150,000000088,8,1998
"NAPIER ENTERPRISES INC",MCDONALD'S,"2305 FREMONT DR","CANON CITY",CO,812122534,7192759257,"FAST-FOOD REST CHAIN",38.448279,-105.21392,722513,58120307,0,000000000,30,
"NAPIER ENTERPRISES INC",MCDONALD'S,"1921 S PUEBLO BLVD",PUEBLO,CO,810052556,7195640470,"FAST-FOOD REST CHAIN",38.234868,-104.662439,722513,58120307,0,000000000,57,
"NAPIER ENTERPRISES INC",MCDONALD'S,"3416 W NORTHERN AVE",PUEBLO,CO,810052252,7195443424,"FAST-FOOD REST CHAIN",38.243138,-104.649672,722513,58120307,0,000000000,32,
"NAPIER ENTERPRISES INC",MCDONALD'S,"1007 BONFORTE BLVD",PUEBLO,CO,810011856,7195432767,"FAST-FOOD REST CHAIN",38.288041,-104.596823,722513,58120307,0,000000000,55,
"ORION RESTAURANTS INC",MCDONALD'S,"1905 S FEDERAL BLVD",DENVER,CO,802195509,3039346836,"FAST-FOOD REST CHAIN",39.682075,-105.025087,722513,58120307,1620167,000000045,45,1990
"P AND N ENTERPRISES",MCDONALD'S,"3112 S GLEN AVE","GLENWOOD SPRINGS",CO,816014443,9709454969,"FAST-FOOD REST CHAIN",39.526124,-107.322889,722513,58120307,1100000,000000040,40,1983
"PAUL NELSON",MCDONALD'S,"142 TANAGER DR","GLENWOOD SPRINGS",CO,816012730,9709451571,"FAST-FOOD REST CHAIN",39.568082,-107.355459,722513,58120307,1264760,000000080,80,2004
"PHELAN OF COLORADO LLC",MCDONALD'S,"322 NEVADA AVE",TRINIDAD,CO,810822556,7198463322,"FAST-FOOD REST CHAIN",37.170584,-104.51017,722513,58120307,89362,000000002,2,2008
"PRIMA PRONTO INC",MCDONALD'S,"755 HIGHWAY 105","PALMER LAKE",CO,801339039,7194880866,"FAST-FOOD REST CHAIN",39.101369,-104.881782,722513,58120307,3528603,000000200,200,1986
"QUIMBY HIGGINS & MCDONALD","QUIMBY B DOUGLAS","6 S TEJON ST","COLORADO SPRINGS",CO,809031511,7194712911,"EATING PLACE",38.833544,-104.823602,722513,58120307,161944,000000006,6,1998
"R ENTERPRISES INC",MCDONALD'S,"4490 WASHINGTON ST",DENVER,CO,802163545,3032956961,"FAST-FOOD REST CHAIN",39.778104,-104.979105,722513,58120307,1644917,000000075,40,1990
"ROSMIK INC",MCDONALD'S,"243 S PONTIAC ST",DENVER,CO,802306954,3033713327,"FAST-FOOD REST CHAIN",39.712225,-104.905373,722513,58120307,1734751,000000042,42,1991
"SANDOVAL ENTERPRISES INC",MCDONALD'S,"7730 E VALVIEW 6",ENGLEWOOD,CO,80111,3037578787,"FAST-FOOD REST CHAIN",39.598621,-104.833998,722513,58120307,6876198,000000325,5,1991
"SANDOVAL ENTERPRISES INC",MCDONALD'S,"10555 E BRIARWOOD CIR",ENGLEWOOD,CO,801121146,3037578787,"FAST-FOOD REST CHAIN",39.594364,-104.865452,722513,58120307,0,000000000,30,
"SANDOVAL ENTERPRISES INC",MCDONALD'S,"9800 S YOSEMITE ST","LONE TREE",CO,801243190,3039250690,"FAST-FOOD REST CHAIN",39.538889,-104.88536,722513,58120307,0,000000000,21,
"SAREN CO, INC",MCDONALD'S,"440 S LINCOLN ST",BURLINGTON,CO,808072107,7193465190,"FAST-FOOD REST CHAIN",39.296773,-102.278684,722513,58120307,536635,000000020,20,1995
"S & J UNITY INC",MCDONALD'S,"8001 WADSWORTH BLVD",ARVADA,CO,800031600,3034203034,"FAST-FOOD REST CHAIN",39.842306,-105.082002,722513,58120307,2088803,000000066,66,1997
"SNOWED INN INC",MCDONALD'S,"217 16TH AVE","IDAHO SPRINGS",CO,80452,3035672338,"FAST-FOOD REST CHAIN",39.742256,-105.516021,722513,58120307,940000,000000043,43,2000
"SOMIP, INC",MCDONALD'S,"939 W DILLON RD STE 14200",LOUISVILLE,CO,800274006,3036669033,"FAST-FOOD REST CHAIN",39.960815,-105.162861,722513,58120307,0,000000000,55,
"SOMIP, INC",MCDONALD'S,"322 NEVADA AVE",TRINIDAD,CO,810822556,7198463322,"FAST-FOOD REST CHAIN",37.170584,-104.51017,722513,58120307,0,000000000,53,
"SOMIP, INC",MCDONALD'S,"501 BIG THOMPSON AVE","ESTES PARK",CO,80517,9705863434,"FAST-FOOD REST CHAIN",40.378595,-105.516089,722513,58120307,0,000000000,63,
"SOMIP, INC",MCDONALD'S,"5880 LEETSDALE DR",DENVER,CO,802241223,3033889073,"FAST-FOOD REST CHAIN",39.706534,-104.919947,722513,58120307,8025288,000000220,6,1998
"SOMIP, INC",MCDONALD'S,"2651 S PARKER RD",AURORA,CO,800141617,3037507384,"FAST-FOOD REST CHAIN",39.668353,-104.863038,722513,58120307,0,000000000,43,
"SOMIP, INC","MCDONALD'S 2751","5880 LEETSDALE DR",DENVER,CO,802241223,3033889073,"FAST-FOOD REST CHAIN",39.706534,-104.919947,722513,58120307,0,000000000,38,
"SOMIP, INC",MCDONALD'S,"7075 E HAMPDEN AVE",DENVER,CO,802243032,3037564833,"FAST-FOOD REST CHAIN",39.653159,-104.906982,722513,58120307,0,000000000,35,
"SOMIP, INC",MCDONALD'S,"108 GUNNISON RIVER DR",DELTA,CO,814161856,9708745503,"FAST-FOOD REST CHAIN",38.748746,-108.071692,722513,58120307,0,000000000,45,
"SOMIP, INC",MCDONALD'S,"3996 E EVANS AVE UNIT B",DENVER,CO,802104959,3037598313,"FAST-FOOD REST CHAIN",39.678391,-104.94189,722513,58120307,0,000000000,39,
"SOMIP, INC",MCDONALD'S,"1195 S COLORADO BLVD",DENVER,CO,802462901,3037568430,"FAST-FOOD REST CHAIN",39.694949,-104.940779,722513,58120307,0,000000000,40,
"SOUTHWEST DESERT RESTAURANTS INC",MCDONALD'S,"112 SINGLETREE RDG",TELLURIDE,CO,814359313,9707280606,"FAST-FOOD REST CHAIN",37.941142,-107.873655,722513,58120307,1434135,000000064,2,1977
"SPIDEL, JOHN",MCDONALD'S,"4801 N ACADEMY BLVD","COLORADO SPRINGS",CO,809184121,7195984982,"FAST-FOOD REST CHAIN",38.901552,-104.76795,722513,58120307,862771,000000060,60,1994
"STEVE MORRIS",MCDONALD'S,"16890 E QUINCY AVE",AURORA,CO,800151545,3036906868,"FAST-FOOD REST CHAIN",39.638374,-104.791733,722513,58120307,1003849,000000055,55,1985
"STEVE RAYBOL",MCDONALD'S,"707 S 8TH ST","COLORADO SPRINGS",CO,809051811,,"EATING PLACES",38.824352,-104.840105,722513,58120307,45292,000000001,1,2004
TODDAMY,MCDONALD'S,"2401 S COLLEGE AVE","FORT COLLINS",CO,805251723,9704821612,"FAST-FOOD REST CHAIN",40.556577,-105.077169,722513,58120307,1500000,000000070,70,1995
"TODDAMY, INC.",MCDONALD'S,"4424 DENROSE CT","FORT COLLINS",CO,805248360,9702213299,"FAST-FOOD REST CHAIN",40.579745,-104.996584,722513,58120307,394304,000000013,13,2008
"TOM CARSON",MCDONALD'S,"4020 W COLFAX AVE",DENVER,CO,802041462,3036232016,"FAST-FOOD REST CHAIN",39.740301,-105.039393,722513,58120307,648004,000000038,38,1995
"TOM KINSINKO INC",MCDONALD'S,"885 RAINBOW BLVD",SALIDA,CO,81201,7195392288,"FAST-FOOD REST CHAIN",38.524053,-105.992689,722513,58120307,651727,000000054,54,2005
"TONY BOSELLI",MCDONALD'S,"7400 FEDERAL BLVD",WESTMINSTER,CO,800304905,3034299226,"FAST-FOOD REST CHAIN",39.831028,-105.024795,722513,58120307,641966,000000043,43,1994
"TONY MCDONALD'S VOSELLI INVESTMENTS",MCDONALD'S,"3690 E 104TH AVE",THORNTON,CO,802334427,3034530708,"FAST-FOOD REST CHAIN",39.884768,-104.944214,722513,58120307,734742,000000045,45,1997
"TRIPLE J MANAGEMENT LLC",MCDONALD'S,"837 HWY 24 I 70",LIMON,CO,80828,7197752782,"FAST-FOOD REST CHAIN",39.269955,-103.708664,722513,58120307,787978,000000051,51,1981
"TWIN ARCHES MC DONALD'S",MCDONALD'S,"1900 MAIN ST",LONGMONT,CO,805011914,3037723017,"FAST-FOOD REST CHAIN",40.192507,-105.10229,722513,58120307,2089285,000000090,35,1994
"TWIN ARCHES MC DONALD'S",MCDONALD'S,"9825 W 58TH AVE",ARVADA,CO,800022011,3034239161,"FAST-FOOD REST CHAIN",39.80194,-105.108546,722513,58120307,0,000000000,55,
"T W J INVESTMENTS CO INC",MCDONALD'S,"214 W MAIN ST",STERLING,CO,807513143,9705229679,"FAST-FOOD REST CHAIN",40.625519,-103.213361,722513,58120307,1173058,000000040,20,1982
"T W J INVESTMENTS CO INC",MCDONALD'S,"1203 MAIN ST","FORT MORGAN",CO,807012052,9708678833,"FAST-FOOD REST CHAIN",40.261354,-103.80159,722513,58120307,0,000000000,20,
"ULTRA MAC CORPORATION",MCDONALD'S,"8011 S BROADWAY",LITTLETON,CO,801222716,3037970767,"FAST-FOOD REST CHAIN",39.570638,-104.988655,722513,58120307,0,000000000,35,
"ULTRA MAC CORPORATION",MCDONALD'S,"1444 S HAVANA ST",AURORA,CO,800124014,3033060255,"FAST-FOOD REST CHAIN",39.690325,-104.865891,722513,58120307,629602,000000043,43,2010
"ULTRA MAC CORPORATION",MCDONALD'S,"5105 S SANTA FE DR",LITTLETON,CO,801201040,3037943540,"FAST-FOOD REST CHAIN",39.623761,-105.014783,722513,58120307,8952887,000000220,28,1979
"ULTRA MAC CORPORATION",MCDONALD'S,"9235 S BROADWAY","HIGHLANDS RANCH",CO,801295631,3036837655,"FAST-FOOD REST CHAIN",39.54816,-104.992087,722513,58120307,0,000000000,30,
"ULTRA MAC CORPORATION",MCDONALD'S,"8011 S BROADWAY",LITTLETON,CO,801222716,3037970767,"FAST-FOOD REST CHAIN",39.570638,-104.988655,722513,58120307,0,000000000,20,
